Time,Channel B,Channel D
0.0,0.04336860,0.00000000
0.00103999994,0.00000000,0.00000000
0.00207999989,0.00000000,0.00000000
0.0031199998299999998,0.00000000,0.00000000
0.00415999978,0.00000000,0.00000000
0.00519999972,0.00000000,0.00000000
0.0062399996599999995,0.00000000,0.00000000
0.00727999961,0.04336860,0.00000000
0.00831999955,0.00000000,0.00000000
0.0093599995,0.04336860,0.00000000
0.01,3.78429508,0.00000000
0.01103999994,3.78429508,0.00000000
0.01207999989,3.82781744,0.00000000
0.01311999983,0.04336860,0.00000000
0.01415999978,0.00000000,0.00000000
0.01519999972,0.00000000,0.00000000
0.016239999659999997,0.00000000,0.00000000
0.01727999961,0.00000000,0.00000000
0.018319999549999997,0.04336860,0.00000000
0.0193599995,0.00000000,0.00000000
0.02,0.04336860,0.00000000
0.02103999994,0.00000000,0.00000000
0.02207999989,0.04336860,0.00000000
0.02311999983,0.00000000,0.00000000
0.02415999978,0.00000000,0.00000000
0.02519999972,0.00000000,0.00000000
0.02623999966,0.00000000,0.00000000
0.02727999961,0.00000000,0.00000000
0.02831999955,3.82781744,0.00000000
0.0293599995,3.82781744,0.00000000
0.03,0.00000000,0.00000000
0.03103999994,0.04336860,0.00000000
0.03207999989,0.00000000,-0.01734744
0.033119999829999996,0.04336860,0.00000000
0.03415999978,3.82781744,0.00000000
0.03519999972,3.82781744,0.00000000
0.03623999966,3.82781744,0.00000000
0.037279999609999996,3.82781744,0.00000000
0.03831999955,3.82781744,0.00000000
0.0393599995,3.82781744,0.00000000
0.04,3.78429508,0.00000000
0.04103999994,3.82781744,0.00000000
0.042079999890000004,3.78429508,0.00000000
0.04311999983,0.00000000,0.00000000
0.04415999978,0.00000000,0.00000000
0.04519999972,0.04336860,0.00000000
0.04623999966,0.04336860,0.00000000
0.04727999961,0.00000000,0.00000000
0.04831999955,0.00000000,0.00000000
0.0493599995,0.00000000,0.00000000
0.05,0.00000000,0.00000000
0.051039999940000004,0.00000000,0.00000000
0.052079999890000006,0.00000000,0.00000000
0.05311999983,0.00000000,0.00000000
0.05415999978,0.00000000,-0.01734744
0.055199999720000004,0.00000000,0.00000000
0.056239999660000005,0.00000000,0.00000000
0.05727999961,0.00000000,0.00000000
0.05831999955,0.00000000,0.00000000
0.0593599995,0.04336860,0.00000000
0.06,3.82781744,0.00000000
0.06103999994,0.00000000,0.00000000
0.06207999989,0.00000000,0.00000000
0.06311999983,0.00000000,0.00000000
0.06415999978,0.00000000,0.00000000
0.06519999972,0.00000000,0.00000000
0.06623999965999999,0.00000000,0.00000000
0.06727999961,0.04336860,0.00000000
0.06831999955000001,0.04336860,0.00000000
0.0693599995,0.04336860,0.00000000
0.07,0.00000000,0.00000000
0.07103999994,0.04336860,0.00000000
0.07207999989,0.04336860,0.00000000
0.07311999983,0.04336860,0.00000000
0.07415999978000001,0.00000000,0.00000000
0.07519999972,0.00000000,0.00000000
0.07623999966,0.00000000,0.00000000
0.07727999961000001,0.00000000,0.00000000
0.07831999955,0.00000000,0.00000000
0.0793599995,3.78429508,0.00000000
0.08,3.82781744,0.00000000
0.08103999994,3.82781744,0.00000000
0.08207999988999999,3.78429508,0.00000000
0.08311999983,3.82781744,0.00000000
0.08415999978000001,3.82781744,0.00000000
0.08519999971999999,3.82781744,0.00000000
0.08623999966,3.82781744,0.00000000
0.08727999961,3.82781744,0.00000000
0.08831999955,0.04336860,0.00000000
0.0893599995,0.00000000,0.00000000
0.09,0.00000000,0.00000000
0.09103999994,0.00000000,0.00000000
0.09207999989,0.00000000,0.00000000
0.09311999983,3.82781744,0.00000000
0.09415999978,3.82781744,0.00000000
0.09519999972,3.78429508,0.00000000
0.09623999965999999,3.82781744,0.00000000
0.09727999961,3.82781744,0.00000000
0.09831999955000001,3.82781744,0.00000000
0.0993599995,3.82781744,0.00000000
0.1,0.00000000,0.00000000
0.10103999994,0.00000000,0.00000000
0.10207999989,0.00000000,0.00000000
0.10311999983,0.00000000,0.00000000
0.10415999978000001,3.78429508,0.00000000
0.10519999971999999,3.82781744,0.00000000
0.10623999966,3.82781744,0.00000000
0.10727999961000001,3.82781744,0.00000000
0.10831999955,3.78429508,0.00000000
0.1093599995,3.82781744,0.00000000
0.11,3.82781744,0.00000000
0.11103999994,3.82781744,0.00000000
0.11207999988999999,0.00000000,0.00000000
0.11311999983,0.00000000,0.00000000
0.11415999978000001,0.04336860,0.00000000
0.11519999971999999,0.04336860,0.00000000
0.11623999966,0.00000000,0.00000000
0.11727999961,0.04336860,0.00000000
0.11831999955,0.00000000,0.00000000
0.1193599995,0.00000000,0.00000000
0.12,3.82781744,0.00000000
0.12103999994,3.82781744,0.00000000
0.12207999989,3.82781744,0.00000000
0.12311999983,3.82781744,0.00000000
0.12415999978,3.82781744,0.00000000
0.12519999971999998,3.82781744,0.00000000
0.12623999966,3.78429508,0.00000000
0.12727999961,3.82781744,0.00000000
0.12831999955,3.82781744,0.00000000
0.1293599995,3.78429508,0.00000000
0.13,3.82781744,0.00000000
0.13103999994,3.82781744,0.00000000
0.13207999989000002,0.00000000,0.00000000
0.13311999983,0.00000000,0.00000000
0.13415999977999998,0.00000000,0.00000000
0.13519999972,0.00000000,0.00000000
0.13623999966,0.04336860,0.00000000
0.13727999961,0.00000000,0.00000000
0.13831999955000002,0.00000000,0.00000000
0.1393599995,0.04336860,0.00000000
0.14,3.82781744,0.00000000
0.14103999994,3.82781744,0.00000000
0.14207999989,3.82781744,0.00000000
0.14311999983,3.78429508,0.00000000
0.14415999978,3.78429508,0.00000000
0.14519999972,3.82781744,0.00000000
0.14623999966,3.82781744,0.00000000
0.14727999961000002,3.82781744,0.00000000
0.14831999955,3.82781744,0.00000000
0.14935999949999998,3.78429508,0.00000000
0.15,3.82781744,0.00000000
0.15103999994,3.82781744,0.00000000
0.15207999989,3.82781744,0.00000000
0.15311999983000002,3.82781744,0.00000000
0.15415999978,3.82781744,0.00000000
0.15519999971999998,3.82781744,0.00000000
0.15623999966,3.82781744,0.00000000
0.15727999961,0.04336860,0.00000000
0.15831999955,0.00000000,-0.01734744
0.1593599995,0.00000000,0.00000000
0.16,3.82781744,0.00000000
0.16103999994,3.82781744,0.00000000
0.16207999989000002,3.82781744,0.00000000
0.16311999983,3.78429508,0.00000000
0.16415999977999998,3.78429508,0.00000000
0.16519999972,3.82781744,0.00000000
0.16623999966,3.82781744,0.00000000
0.16727999961,3.82781744,0.00000000
0.16831999955000002,3.78429508,0.00000000
0.1693599995,3.82781744,0.00000000
0.17,0.04336860,0.00000000
0.17103999994,0.04336860,0.00000000
0.17207999989,0.04336860,0.00000000
0.17311999983,0.00000000,0.00000000
0.17415999978,0.00000000,0.00000000
0.17519999972,0.00000000,0.00000000
0.17623999966,0.00000000,0.00000000
0.17727999961000002,0.04336860,0.00000000
0.17831999955,0.00000000,0.00000000
0.17935999949999998,0.00000000,0.00000000
0.18,0.00000000,0.00000000
0.18103999994,0.04336860,0.00000000
0.18207999989,0.00000000,0.00000000
0.18311999983000002,0.00000000,0.00000000
0.18415999978,3.78429508,0.00000000
0.18519999971999998,3.78429508,0.00000000
0.18623999966,3.82781744,0.00000000
0.18727999961,3.82781744,0.00000000
0.18831999955,3.82781744,0.00000000
0.1893599995,3.78429508,0.00000000
0.19,3.78429508,0.00000000
0.19103999994,3.82781744,0.00000000
0.19207999989000002,3.82781744,0.00000000
0.19311999983,3.82781744,0.00000000
0.19415999977999998,3.82781744,0.00000000
0.19519999972,3.82781744,0.00000000
0.19623999966,3.78429508,0.00000000
0.19727999961,3.82781744,0.00000000
0.19831999955000001,3.82781744,0.00000000
0.1993599995,3.82781744,0.00000000
0.2,0.04336860,0.00000000
0.20103999994,0.04336860,0.00000000
0.20207999989,0.00000000,0.00000000
0.20311999983,0.00000000,0.00000000
0.20415999978,0.00000000,0.00000000
0.20519999972,0.00000000,0.00000000
0.20623999966,3.78429508,0.00000000
0.20727999961000002,3.78429508,0.00000000
0.20831999955,3.82781744,0.00000000
0.20935999949999998,3.82781744,0.00000000
0.21,3.82781744,0.00000000
0.21103999994,3.82781744,0.00000000
0.21207999989,3.82781744,0.00000000
0.21311999983000002,3.82781744,0.00000000
0.21415999978,3.82781744,0.00000000
0.21519999972,3.82781744,0.00000000
0.21623999966,3.78429508,0.01734744
0.21727999961,3.78429508,0.00000000
0.21831999955,3.78429508,0.00000000
0.21935999949999999,3.82781744,0.00000000
0.22,0.04336860,0.00000000
0.22103999994,0.00000000,0.00000000
0.22207999989000002,0.00000000,0.00000000
0.22311999983,0.04336860,0.00000000
0.22415999977999998,0.04336860,0.00000000
0.22519999972,0.00000000,0.00000000
0.22623999966,0.00000000,0.00000000
0.22727999961,0.00000000,0.00000000
0.22831999955,0.00000000,0.00000000
0.2293599995,0.04336860,0.00000000
0.23,0.00000000,0.00000000
0.23103999994,0.00000000,0.00000000
0.23207999989,0.00000000,0.00000000
0.23311999983,0.00000000,0.00000000
0.23415999978,0.00000000,0.00000000
0.23519999972,0.00000000,0.00000000
0.23623999966,0.00000000,0.00000000
0.23727999961000001,3.82781744,0.00000000
0.23831999955,3.82781744,0.00000000
0.23935999949999998,3.82781744,0.00000000
0.24,0.00000000,0.00000000
0.24103999994,0.00000000,0.00000000
0.24207999989,0.00000000,0.00000000
0.24311999983000002,0.00000000,0.00000000
0.24415999978,0.00000000,0.00000000
0.24519999972,0.00000000,0.00000000
0.24623999966,0.00000000,0.00000000
0.24727999961,0.00000000,0.00000000
0.24831999955,0.00000000,0.00000000
0.24935999949999998,0.00000000,0.00000000
0.25,3.78429508,0.00000000
0.25103999994,3.82781744,0.00000000
0.25207999989,3.78429508,0.00000000
0.25311999983,3.82781744,0.00000000
0.25415999978,0.04336860,0.00000000
0.25519999972,0.04336860,0.00000000
0.25623999966000005,0.00000000,-0.01734744
0.25727999961000003,0.04336860,0.00000000
0.25831999954999996,0.00000000,0.00000000
0.2593599995,0.04336860,0.00000000
0.26,0.00000000,0.00000000
0.26103999994,0.00000000,0.00000000
0.26207999989,0.00000000,0.00000000
0.26311999983,0.00000000,0.00000000
0.26415999978000004,0.00000000,0.00000000
0.26519999971999997,0.00000000,0.00000000
0.26623999966,0.00000000,0.00000000
0.26727999961,0.00000000,0.00000000
0.26831999954999997,0.00000000,0.00000000
0.2693599995,3.78429508,0.00000000
0.27,3.78429508,0.00000000
0.27103999994,3.82781744,0.00000000
0.27207999989000003,3.82781744,0.00000000
0.27311999982999996,3.82781744,0.00000000
0.27415999978,0.04336860,0.00000000
0.27519999972,0.04336860,0.00000000
0.27623999966,0.00000000,0.00000000
0.27727999961,0.00000000,0.00000000
0.27831999955,0.00000000,0.00000000
0.2793599995,0.00000000,0.00000000
0.28,3.82781744,0.00000000
0.28103999993999995,3.82781744,0.00000000
0.28207999989,3.82781744,0.00000000
0.28311999982999997,3.82781744,0.00000000
0.28415999978,3.82781744,0.00000000
0.28519999972,3.82781744,0.00000000
0.28623999966,3.78429508,0.00000000
0.28727999961,3.82781744,0.00000000
0.28831999955,3.82781744,0.00000000
0.2893599995,3.82781744,0.00000000
0.29,0.00000000,-0.01734744
0.29103999993999996,0.00000000,0.00000000
0.29207999989,0.00000000,0.00000000
0.29311999983,0.00000000,0.00000000
0.29415999978,0.00000000,0.00000000
0.29519999972,0.04336860,0.00000000
0.29623999966000003,0.00000000,0.00000000
0.29727999961,0.04336860,0.00000000
0.29831999955,0.00000000,0.00000000
0.29935999950000003,0.00000000,0.00000000
0.3,3.82781744,0.00000000
0.30103999993999997,3.78429508,0.00000000
0.30207999989,3.78429508,0.00000000
0.30311999983,3.82781744,0.00000000
0.30415999978,3.82781744,0.00000000
0.30519999972,3.82781744,0.00000000
0.30623999966000004,3.78429508,0.00000000
0.30727999961,3.82781744,0.00000000
0.30831999955,3.78429508,0.00000000
0.30935999950000004,3.82781744,0.00000000
0.31,3.78429508,0.00000000
0.31103999994,3.78429508,0.00000000
0.31207999989,3.78429508,0.00000000
0.31311999983,3.78429508,0.00000000
0.31415999978000003,3.82781744,0.00000000
0.31519999972,3.78429508,0.00000000
0.31623999966000005,3.78429508,0.00000000
0.31727999961000003,3.78429508,0.00000000
0.31831999954999995,3.78429508,0.00000000
0.3193599995,3.82781744,0.00000000
0.32,3.78429508,0.00000000
0.32103999994,3.82781744,0.00000000
0.32207999989,3.82781744,0.00000000
0.32311999983,3.82781744,0.00000000
0.32415999978000004,3.78429508,0.00000000
0.32519999972,3.82781744,0.00000000
0.32623999966,3.78429508,0.00000000
0.32727999961,0.00000000,0.00000000
0.32831999954999996,0.00000000,0.00000000
0.3293599995,0.00000000,0.00000000
0.33,0.00000000,0.00000000
0.33103999994,0.00000000,0.00000000
0.33207999989000003,0.00000000,0.00000000
0.33311999982999996,0.00000000,0.00000000
0.33415999978,0.04336860,0.00000000
0.33519999972,3.82781744,0.00000000
0.33623999966,3.82781744,0.00000000
0.33727999961,3.82781744,0.00000000
0.33831999955,3.78429508,0.00000000
0.3393599995,3.82781744,0.00000000
0.34,3.82781744,0.00000000
0.34103999993999995,0.04336860,0.00000000
0.34207999989,0.04336860,0.00000000
0.34311999982999997,0.00000000,0.00000000
0.34415999978,0.04336860,0.00000000
0.34519999972,0.00000000,0.00000000
0.34623999966,0.00000000,0.00000000
0.34727999961,0.00000000,0.00000000
0.34831999955,0.00000000,0.00000000
0.3493599995,0.00000000,0.00000000
0.35,0.00000000,0.00000000
0.35103999993999996,0.00000000,0.00000000
0.35207999989,0.04336860,0.00000000
0.35311999983,0.04336860,0.00000000
0.35415999978,0.04336860,0.00000000
0.35519999972,0.00000000,0.00000000
0.35623999966000003,0.00000000,0.00000000
0.35727999961,0.00000000,0.00000000
0.35831999955,3.82781744,0.00000000
0.3593599995,3.82781744,0.00000000
0.36,0.04336860,0.00000000
0.36103999993999997,0.00000000,0.00000000
0.36207999989,0.04336860,0.00000000
0.36311999983,0.04336860,0.00000000
0.36415999978,0.00000000,0.00000000
0.36519999972,0.00000000,0.00000000
0.36623999966000004,0.04336860,0.00000000
0.36727999961,0.00000000,0.00000000
0.36831999955,0.00000000,0.00000000
0.36935999950000004,0.00000000,0.00000000
0.37,3.82781744,0.00000000
0.37103999994,3.82781744,0.00000000
0.37207999989,3.82781744,0.00000000
0.37311999983,3.82781744,0.00000000
0.37415999978000003,0.00000000,0.00000000
0.37519999972,0.00000000,0.00000000
0.37623999966000005,0.00000000,0.00000000
0.37727999961,0.04336860,0.00000000
0.37831999954999995,0.00000000,0.00000000
0.3793599995,0.00000000,0.00000000
0.38,0.00000000,0.00000000
0.38103999994,0.00000000,0.00000000
0.38207999989,0.04336860,0.00000000
0.38311999983,0.00000000,0.00000000
0.38415999978000004,0.04336860,0.00000000
0.38519999972,0.00000000,0.00000000
0.38623999966,0.00000000,0.00000000
0.38727999961,0.00000000,0.00000000
0.38831999954999996,0.04336860,0.00000000
0.3893599995,0.00000000,0.00000000
0.39,0.00000000,0.00000000
0.39103999994,3.78429508,0.00000000
0.39207999989000003,3.78429508,0.00000000
0.39311999983,3.78429508,0.00000000
0.39415999978000005,3.82781744,0.00000000
0.39519999972,3.82781744,0.00000000
0.39623999966,3.78429508,0.00000000
0.39727999961,3.82781744,0.00000000
0.39831999954999997,3.82781744,0.00000000
0.3993599995,3.82781744,0.00000000
0.4,0.00000000,0.00000000
0.40103999993999995,3.82781744,0.00000000
0.40207999989,3.78429508,0.00000000
0.40311999982999996,3.82781744,0.00000000
0.40415999978,3.82781744,0.00000000
0.40519999972,3.82781744,0.00000000
0.40623999966,3.82781744,0.00000000
0.40727999961,3.82781744,0.00000000
0.40831999955,3.82781744,0.00000000
0.4093599995,3.82781744,0.00000000
0.41,0.00000000,0.00000000
0.41103999993999996,0.00000000,0.00000000
0.41207999989,0.00000000,0.00000000
0.41311999983,0.00000000,0.00000000
0.41415999978,3.78429508,0.00000000
0.41519999972,3.78429508,0.00000000
0.41623999966,3.82781744,0.00000000
0.41727999961,3.82781744,0.00000000
0.41831999955,3.82781744,0.00000000
0.4193599995,3.82781744,0.00000000
0.42,3.82781744,0.00000000
0.42103999993999996,3.78429508,0.00000000
0.42207999989,3.82781744,0.00000000
0.42311999983,3.82781744,0.00000000
0.42415999978,0.00000000,0.00000000
0.42519999972,0.00000000,-0.01734744
0.42623999966000004,0.00000000,0.00000000
0.42727999961,0.04336860,0.00000000
0.42831999955,0.00000000,0.00000000
0.42935999950000003,0.04336860,0.00000000
0.43,3.82781744,0.00000000
0.43103999994,3.82781744,0.00000000
0.43207999989,3.82781744,0.00000000
0.43311999983,3.78429508,0.00000000
0.43415999978,3.78429508,0.00000000
0.43519999972,3.82781744,0.00000000
0.43623999966000004,3.78429508,0.00000000
0.43727999961,3.82781744,0.00000000
0.43831999954999995,3.82781744,0.00000000
0.43935999950000004,0.00000000,0.00000000
0.44,3.78429508,0.00000000
0.44103999994,0.00000000,0.00000000
0.44207999989,0.04336860,0.00000000
0.44311999983,0.04336860,0.00000000
0.44415999978000004,0.00000000,0.00000000
0.44519999972,0.00000000,-0.01734744
0.44623999966,0.00000000,0.00000000
0.44727999961,0.04336860,0.00000000
0.44831999954999996,0.00000000,0.00000000
0.4493599995,0.00000000,0.00000000
0.45,0.04336860,0.00000000
0.45103999994,0.00000000,0.00000000
0.45207999989000003,0.00000000,0.00000000
0.45311999983,0.00000000,0.00000000
0.45415999978000005,0.04336860,0.00000000
0.45519999971999997,0.00000000,0.00000000
0.45623999966,0.04336860,0.00000000
0.45727999961,3.78429508,0.00000000
0.45831999954999997,3.78429508,0.00000000
0.4593599995,3.78429508,0.00000000
0.46,3.78429508,0.00000000
0.46103999994,3.82781744,0.00000000
0.46207999989000004,3.78429508,0.00000000
0.46311999982999996,3.78429508,0.00000000
0.46415999978,3.82781744,0.00000000
0.46519999972,3.82781744,0.00000000
0.46623999966,0.00000000,0.00000000
0.46727999961,0.00000000,0.00000000
0.46831999955,0.04336860,0.00000000
0.4693599995,0.00000000,0.00000000
0.47,3.82781744,0.00000000
0.47103999993999995,3.82781744,0.00000000
0.47207999989,3.82781744,0.00000000
0.47311999982999997,3.78429508,0.00000000
0.47415999978,3.82781744,0.00000000
0.47519999972,3.82781744,0.00000000
0.47623999966,0.00000000,0.00000000
0.47727999961,0.00000000,0.00000000
0.47831999955,0.00000000,0.00000000
0.4793599995,0.00000000,0.00000000
0.48,3.78429508,0.00000000
0.48103999993999996,3.78429508,0.00000000
0.48207999989,3.82781744,0.00000000
0.48311999983,3.78429508,0.00000000
0.48415999978,3.82781744,0.00000000
0.48519999972,3.82781744,0.00000000
0.48623999966000003,3.82781744,0.00000000
0.48727999961,3.78429508,0.00000000
0.48831999955,3.82781744,0.00000000
0.48935999950000003,3.78429508,0.00000000
0.49,3.82781744,0.00000000
0.49103999993999997,3.78429508,0.00000000
0.49207999989,3.78429508,0.00000000
0.49311999983,3.78429508,0.00000000
0.49415999978,3.82781744,0.00000000
0.49519999972,3.78429508,0.00000000
0.49623999966000004,3.82781744,0.00000000
0.49727999961,3.82781744,0.00000000
0.49831999955,3.78429508,0.00000000
0.49935999950000004,3.82781744,0.00000000
0.5,0.00000000,0.00000000
0.5010399999399999,0.00000000,0.00000000
0.50207999989,0.00000000,0.00000000
0.50311999983,0.00000000,0.00000000
0.50415999978,0.00000000,0.00000000
0.50519999972,0.04336860,0.00000000
0.50623999966,0.00000000,-0.01734744
0.50727999961,0.04336860,0.00000000
0.50831999955,3.82781744,0.00000000
0.5093599995,3.78429508,0.00000000
0.51,3.82781744,0.00000000
0.5110399999399999,3.78429508,0.00000000
0.51207999989,3.82781744,0.00000000
0.51311999983,3.78429508,0.00000000
0.51415999978,0.00000000,0.00000000
0.5151999997200001,0.00000000,0.00000000
0.51623999966,0.00000000,0.00000000
0.51727999961,0.04336860,0.00000000
0.5183199995500001,0.00000000,0.00000000
0.5193599995,0.00000000,0.00000000
0.52,0.00000000,0.00000000
0.52103999994,0.04336860,0.00000000
0.52207999989,0.00000000,0.00000000
0.52311999983,0.00000000,0.00000000
0.52415999978,0.00000000,0.00000000
0.5251999997200001,0.00000000,0.00000000
0.52623999966,0.00000000,0.00000000
0.52727999961,0.00000000,0.00000000
0.5283199995500001,3.78429508,0.00000000
0.5293599995,3.82781744,0.00000000
0.53,3.78429508,0.00000000
0.5310399999400001,3.82781744,0.00000000
0.53207999989,3.82781744,0.00000000
0.53311999983,3.78429508,0.00000000
0.5341599997800001,3.78429508,0.00000000
0.5351999997200001,3.82781744,0.00000000
0.53623999966,3.82781744,0.00000000
0.5372799996100001,3.82781744,0.00000000
0.53831999955,3.82781744,0.00000000
0.5393599994999999,3.82781744,0.00000000
0.54,0.00000000,0.00000000
0.5410399999400001,0.00000000,0.00000000
0.54207999989,0.00000000,0.00000000
0.54311999983,0.00000000,0.00000000
0.5441599997800001,0.00000000,0.00000000
0.5451999997200001,0.00000000,0.00000000
0.5462399996599999,3.82781744,0.00000000
0.54727999961,3.78429508,0.00000000
0.54831999955,3.82781744,0.00000000
0.5493599994999999,3.78429508,0.00000000
0.55,3.78429508,0.00000000
0.5510399999400001,3.82781744,0.00000000
0.55207999989,0.00000000,0.00000000
0.5531199998299999,0.04336860,0.00000000
0.55415999978,0.00000000,0.00000000
0.55519999972,0.00000000,0.00000000
0.5562399996599999,0.00000000,-0.01734744
0.55727999961,0.00000000,0.00000000
0.55831999955,0.00000000,0.00000000
0.5593599994999999,0.00000000,0.00000000
0.56,3.82781744,0.00000000
0.56103999994,3.78429508,0.00000000
0.5620799998899999,3.82781744,0.00000000
0.5631199998299999,3.82781744,0.00000000
0.56415999978,3.78429508,0.00000000
0.56519999972,0.00000000,0.00000000
0.5662399996599999,0.00000000,-0.01734744
0.56727999961,0.00000000,0.00000000
0.56831999955,0.04336860,0.00000000
0.5693599994999999,0.04336860,0.00000000
0.57,3.78429508,0.00000000
0.57103999994,3.82781744,0.00000000
0.5720799998899999,3.82781744,0.00000000
0.57311999983,3.82781744,0.00000000
0.57415999978,3.82781744,0.00000000
0.57519999972,3.78429508,0.00000000
0.57623999966,3.82781744,0.00000000
0.57727999961,3.78429508,0.00000000
0.57831999955,3.82781744,0.00000000
0.5793599995,0.04336860,0.00000000
0.58,0.00000000,0.00000000
0.58103999994,0.04336860,0.00000000
0.5820799998899999,0.00000000,0.00000000
0.58311999983,0.00000000,0.00000000
0.58415999978,0.00000000,0.00000000
0.58519999972,0.00000000,0.00000000
0.58623999966,0.00000000,0.00000000
0.58727999961,0.00000000,0.00000000
0.58831999955,0.00000000,0.00000000
0.5893599995,3.82781744,0.00000000
0.59,0.00000000,0.00000000
0.59103999994,0.04336860,0.00000000
0.5920799998899999,0.00000000,0.00000000
0.59311999983,0.00000000,0.00000000
0.59415999978,0.04336860,0.00000000
0.59519999972,0.00000000,0.00000000
0.59623999966,0.00000000,0.00000000
0.59727999961,0.00000000,0.00000000
0.59831999955,0.04336860,0.00000000
0.5993599995,0.04336860,0.00000000
0.6,0.00000000,0.00000000
0.60103999994,0.00000000,0.00000000
0.6020799998899999,0.00000000,0.00000000
0.60311999983,0.00000000,0.00000000
0.60415999978,3.78429508,0.00000000
0.60519999972,3.78429508,0.00000000
0.60623999966,3.82781744,0.00000000
0.60727999961,3.78429508,0.00000000
0.60831999955,3.82781744,0.00000000
0.6093599995,3.78429508,0.00000000
0.61,3.78429508,0.00000000
0.61103999994,3.82781744,0.00000000
0.61207999989,3.82781744,0.00000000
0.61311999983,3.82781744,0.00000000
0.61415999978,3.82781744,0.00000000
0.6151999997200001,3.82781744,0.00000000
0.61623999966,3.82781744,0.00000000
0.61727999961,3.82781744,0.00000000
0.61831999955,3.82781744,0.00000000
0.6193599995,0.00000000,0.00000000
0.62,0.04336860,0.00000000
0.62103999994,0.04336860,0.00000000
0.62207999989,0.00000000,0.00000000
0.62311999983,0.00000000,0.00000000
0.62415999978,0.04336860,-0.01734744
0.6251999997200001,0.00000000,0.00000000
0.62623999966,3.82781744,0.00000000
0.62727999961,3.82781744,0.00000000
0.6283199995500001,3.82781744,0.00000000
0.6293599995,3.82781744,0.00000000
0.63,0.00000000,0.00000000
0.63103999994,0.00000000,0.00000000
0.63207999989,0.00000000,-0.01734744
0.63311999983,0.00000000,0.00000000
0.63415999978,3.82781744,0.00000000
0.6351999997200001,3.82781744,0.00000000
0.63623999966,3.82781744,0.00000000
0.63727999961,3.82781744,0.00000000
0.6383199995500001,3.82781744,0.00000000
0.6393599995,3.82781744,0.00000000
0.64,0.04336860,0.00000000
0.64103999994,0.04336860,0.00000000
0.64207999989,0.04336860,0.00000000
0.64311999983,0.00000000,0.00000000
0.64415999978,0.00000000,0.00000000
0.6451999997200001,3.82781744,0.00000000
0.64623999966,3.82781744,0.00000000
0.64727999961,3.82781744,0.00000000
0.6483199995500001,3.78429508,0.00000000
0.6493599995,3.82781744,0.00000000
0.65,0.00000000,-0.01734744
0.6510399999400001,0.04336860,0.00000000
0.65207999989,0.00000000,0.00000000
0.65311999983,0.04336860,0.00000000
0.6541599997800001,0.00000000,0.00000000
0.6551999997200001,0.00000000,0.00000000
0.65623999966,0.00000000,0.00000000
0.65727999961,0.00000000,0.00000000
0.65831999955,3.82781744,0.00000000
0.6593599994999999,3.82781744,0.00000000
0.66,3.78429508,0.00000000
0.6610399999400001,3.78429508,0.00000000
0.66207999989,3.82781744,0.00000000
0.66311999983,3.82781744,0.00000000
0.6641599997800001,3.82781744,0.00000000
0.6651999997200001,0.00000000,0.00000000
0.6662399996599999,0.00000000,0.00000000
0.66727999961,0.00000000,0.00000000
0.66831999955,0.00000000,0.00000000
0.6693599994999999,0.00000000,0.00000000
0.67,3.82781744,1.38970220
0.6710399999400001,3.82781744,1.51131892
0.67207999989,3.82781744,0.85119343
0.67311999983,3.82781744,1.66769195
0.6741599997800001,3.82781744,1.59817910
0.67519999972,3.78429508,1.40711117
0.6762399996599999,3.82781744,1.49397147
0.67727999961,3.78429508,0.74698573
0.67831999955,3.82781744,0.27792814
0.6793599994999999,3.78429508,0.53850883
0.68,3.82781744,1.00756645
0.6810399999400001,0.04336860,0.00000000
0.6820799998899999,0.00000000,0.00000000
0.6831199998299999,0.00000000,0.00000000
0.68415999978,0.00000000,0.00000000
0.68519999972,0.00000000,0.00000000
0.6862399996599999,0.00000000,0.00000000
0.68727999961,0.00000000,0.00000000
0.68831999955,0.04336860,0.00000000
0.6893599994999999,0.04336860,0.00000000
0.69,3.82781744,1.40711117
0.69103999994,0.04336860,0.00000000
0.6920799998899999,0.00000000,0.00000000
0.6931199998299999,0.00000000,0.00000000
0.69415999978,0.04336860,0.00000000
0.69519999972,0.00000000,0.00000000
0.6962399996599999,0.04336860,0.00000000
0.69727999961,0.00000000,0.00000000
0.69831999955,0.00000000,0.00000000
0.6993599994999999,0.04336860,0.00000000
0.7,3.78429508,0.71222931
0.70103999994,3.78429508,0.45164862
0.7020799998899999,3.78429508,0.74698573
0.70311999983,3.82781744,0.46899605
0.70415999978,3.82781744,0.66012549
0.70519999972,3.82781744,0.48640501
0.70623999966,3.78429508,0.99015749
0.70727999961,3.82781744,1.28549457
0.70831999955,3.82781744,0.31268454
0.7093599995,3.78429508,0.41689223
0.71,3.78429508,0.83384597
0.71103999994,3.82781744,1.16387796
0.7120799998899999,3.82781744,0.86854082
0.71311999983,0.00000000,0.00000000
0.71415999978,0.00000000,0.00000000
0.71519999972,0.00000000,0.00000000
0.71623999966,0.00000000,0.00000000
0.71727999961,0.00000000,0.00000000
0.71831999955,0.00000000,0.00000000
0.7193599995,0.00000000,0.00000000
0.72,0.00000000,0.00000000
0.72103999994,3.82781744,0.86854082
0.7220799998899999,3.82781744,1.40711117
0.72311999983,3.78429508,1.35500741
0.72415999978,3.78429508,1.28549457
0.72519999972,3.82781744,1.28549457
0.72623999966,3.82781744,1.30284202
0.72727999961,3.82781744,1.33759844
0.72831999955,3.82781744,1.37235487
0.7293599995,3.78429508,1.44186759
0.73,3.82781744,0.69482034
0.73103999994,3.82781744,0.74698573
0.7320799998899999,3.82781744,0.74698573
0.73311999983,3.78429508,1.04226136
0.73415999978,0.00000000,0.00000000
0.73519999972,0.00000000,0.00000000
0.73623999966,0.00000000,0.00000000
0.73727999961,0.00000000,0.00000000
0.73831999955,0.00000000,0.00000000
0.7393599995,0.00000000,0.00000000
0.74,3.82781744,0.97281003
0.74103999994,3.82781744,0.79908955
0.74207999989,3.82781744,0.95540106
0.74311999983,3.82781744,1.04226136
0.74415999978,3.82781744,1.04226136
0.7451999997200001,3.82781744,1.00756645
0.74623999966,0.00000000,0.00000000
0.74727999961,0.00000000,0.00000000
0.7483199995500001,0.00000000,0.00000000
0.7493599995,0.04336860,0.00000000
0.75,0.00000000,0.00000000
0.75103999994,0.00000000,0.00000000
0.75207999989,0.00000000,0.00000000
0.75311999983,0.04336860,0.00000000
0.75415999978,0.04336860,0.00000000
0.7551999997200001,0.00000000,0.00000000
0.75623999966,0.00000000,0.00000000
0.75727999961,0.00000000,0.00000000
0.7583199995500001,0.00000000,0.00000000
0.7593599995,0.00000000,0.00000000
0.76,0.00000000,0.00000000
0.76103999994,0.04336860,0.00000000
0.76207999989,0.00000000,0.00000000
0.76311999983,0.00000000,0.00000000
0.76415999978,0.00000000,0.00000000
0.7651999997200001,3.78429508,1.26814711
0.76623999966,3.82781744,1.47656250
0.76727999961,3.82781744,1.38970220
0.7683199995500001,3.82781744,1.51131892
0.7693599995,3.82781744,1.47656250
0.77,0.04336860,0.00000000
0.77103999994,0.00000000,0.00000000
0.77207999989,0.00000000,0.00000000
0.77311999983,0.00000000,0.00000000
0.77415999978,0.00000000,0.00000000
0.7751999997200001,0.00000000,0.00000000
0.77623999966,0.00000000,0.00000000
0.77727999961,0.00000000,0.00000000
0.7783199995500001,3.78429508,0.10420768
0.7793599995,3.78429508,0.93805367
0.78,3.82781744,1.14653051
0.7810399999400001,3.82781744,1.00756645
0.78207999989,3.82781744,1.30284202
0.78311999983,3.78429508,1.25073814
0.7841599997800001,3.82781744,1.35500741
0.7851999997200001,3.82781744,1.28549457
0.78623999966,0.00000000,0.00000000
0.7872799996100001,0.00000000,0.00000000
0.78831999955,0.04336860,0.00000000
0.7893599994999999,0.00000000,0.00000000
0.79,3.82781744,0.76433319
0.7910399999400001,3.82781744,1.30284202
0.79207999989,3.82781744,1.44186759
0.79311999983,3.78429508,1.59817910
0.7941599997800001,3.78429508,1.38970220
0.7951999997200001,0.04336860,0.00000000
0.7962399996599999,0.04336860,0.00000000
0.79727999961,0.00000000,0.00000000
0.79831999955,0.00000000,0.00000000
0.7993599994999999,0.04336860,0.00000000
0.8,0.00000000,0.00000000
0.8010399999400001,0.00000000,0.00000000
0.80207999989,0.00000000,0.00000000
0.8031199998299999,0.04336860,0.00000000
0.80415999978,0.00000000,0.00000000
0.80519999972,3.78429508,0.20841536
0.8062399996599999,3.78429508,1.04226136
0.80727999961,3.78429508,1.51131892
0.80831999955,3.82781744,1.25073814
0.8093599994999999,3.82781744,1.26814711
0.81,0.00000000,0.00000000
0.81103999994,0.04336860,0.00000000
0.8120799998899999,0.00000000,0.00000000
0.8131199998299999,3.82781744,1.28549457
0.81415999978,3.82781744,1.30284202
0.81519999972,3.78429508,1.42445862
0.8162399996599999,3.82781744,1.38970220
0.81727999961,3.78429508,1.37235487
0.81831999955,3.82781744,1.40711117
0.8193599994999999,3.78429508,1.38970220
0.82,0.04336860,0.00000000
0.82103999994,0.00000000,0.00000000
0.8220799998899999,0.00000000,0.00000000
0.82311999983,0.00000000,0.00000000
0.82415999978,0.04336860,0.00000000
0.82519999972,0.00000000,0.00000000
0.82623999966,0.04336860,0.00000000
0.82727999961,0.00000000,0.00000000
0.82831999955,0.00000000,0.00000000
0.8293599995,0.00000000,0.00000000
0.83,3.82781744,1.37235487
0.83103999994,3.82781744,1.77189958
0.8320799998899999,3.82781744,1.63293552
0.83311999983,3.82781744,1.56342268
0.83415999978,3.82781744,1.47656250
0.83519999972,3.82781744,1.58083165
0.83623999966,3.82781744,1.52872789
0.83727999961,3.78429508,1.52872789
0.83831999955,3.82781744,1.56342268
0.8393599995,3.82781744,1.42445862
0.84,0.00000000,0.00000000
0.84103999994,0.04336860,0.00000000
0.8420799998899999,0.00000000,0.00000000
0.84311999983,0.00000000,0.00000000
0.84415999978,0.00000000,0.00000000
0.84519999972,0.00000000,0.00000000
0.84623999966,0.00000000,0.00000000
0.84727999961,0.04336860,0.00000000
0.84831999955,0.00000000,0.00000000
0.8493599995,3.82781744,0.48640501
0.85,3.82781744,0.48640501
0.85103999994,0.04336860,0.01734744
0.8520799998899999,0.00000000,0.00000000
0.85311999983,0.00000000,0.00000000
0.85415999978,0.00000000,0.00000000
0.85519999972,0.00000000,0.00000000
0.85623999966,0.00000000,0.00000000
0.85727999961,0.00000000,0.00000000
0.85831999955,0.00000000,0.00000000
0.8593599995,0.00000000,0.00000000
0.86,3.78429508,1.44186759
0.86103999994,3.82781744,1.35500741
0.86207999989,3.82781744,1.49397147
0.86311999983,3.82781744,1.37235487
0.86415999978,0.00000000,0.00000000
0.8651999997200001,0.00000000,0.00000000
0.86623999966,0.00000000,0.00000000
0.86727999961,0.00000000,0.00000000
0.86831999955,0.00000000,0.00000000
0.8693599995,0.00000000,0.00000000
0.87,0.04336860,0.00000000
0.87103999994,3.82781744,1.56342268
0.87207999989,3.82781744,0.01734744
0.87311999983,3.82781744,0.10420768
0.87415999978,3.82781744,0.60796016
0.8751999997200001,3.78429508,0.46899605
0.87623999966,3.78429508,0.62536907
0.87727999961,3.82781744,0.69482034
0.8783199995500001,3.78429508,1.00756645
0.8793599995,3.82781744,1.44186759
0.88,0.00000000,0.00000000
0.88103999994,0.00000000,0.00000000
0.88207999989,0.04336860,0.00000000
0.88311999983,3.82781744,1.63293552
0.88415999978,3.82781744,0.59061271
0.8851999997200001,3.82781744,1.18128693
0.88623999966,3.82781744,1.04226136
0.88727999961,3.82781744,0.93805367
0.8883199995500001,3.82781744,1.21598184
0.8893599995,3.82781744,0.22582431
0.89,3.82781744,0.19106792
0.89103999994,3.82781744,0.38213584
0.89207999989,3.82781744,0.34737942
0.89311999983,3.82781744,0.88594979
0.89415999978,0.00000000,0.00000000
0.8951999997200001,0.04336860,0.00000000
0.89623999966,0.00000000,0.00000000
0.89727999961,0.00000000,0.00000000
0.8983199995500001,0.00000000,0.00000000
0.8993599995,0.00000000,0.00000000
0.9,0.00000000,0.00000000
0.9010399999400001,0.00000000,0.00000000
0.90207999989,0.00000000,0.00000000
0.90311999983,0.00000000,0.00000000
0.9041599997800001,0.00000000,0.00000000
0.9051999997200001,3.78429508,1.00756645
0.90623999966,3.82781744,0.90329725
0.90727999961,3.82781744,1.07701766
0.90831999955,3.82781744,0.93805367
0.9093599994999999,3.82781744,1.16387796
0.91,3.82781744,1.05967033
0.9110399999400001,3.78429508,0.08679872
0.91207999989,3.82781744,0.01734744
0.91311999983,3.82781744,0.17365895
0.9141599997800001,3.82781744,0.05210384
0.9151999997200001,0.00000000,0.00000000
0.9162399996599999,0.00000000,0.00000000
0.91727999961,0.00000000,0.00000000
0.91831999955,0.00000000,0.00000000
0.9193599994999999,0.00000000,0.00000000
0.92,0.00000000,0.00000000
0.9210399999400001,3.78429508,0.03469488
0.92207999989,3.82781744,0.01734744
0.92311999983,3.78429508,0.01734744
0.9241599997800001,3.82781744,0.90329725
0.92519999972,3.78429508,0.88594979
0.9262399996599999,3.82781744,0.92070621
0.92727999961,3.78429508,1.37235487
0.92831999955,3.82781744,1.25073814
0.9293599994999999,3.78429508,1.16387796
0.93,0.00000000,0.00000000
0.9310399999400001,0.00000000,0.00000000
0.9320799998899999,0.04336860,0.00000000
0.9331199998299999,0.00000000,0.00000000
0.93415999978,3.82781744,1.11177409
0.93519999972,3.82781744,0.72957677
0.9362399996599999,3.78429508,0.92070621
0.93727999961,3.78429508,1.14653051
0.93831999955,3.78429508,1.21598184
0.9393599994999999,3.78429508,0.95540106
0.94,0.00000000,0.00000000
0.94103999994,0.04336860,0.00000000
0.9420799998899999,0.00000000,0.00000000
0.9431199998299999,0.00000000,0.00000000
0.94415999978,0.00000000,0.00000000
0.94519999972,0.00000000,0.00000000
0.9462399996599999,0.00000000,0.00000000
0.94727999961,3.82781744,0.88594979
0.94831999955,3.82781744,1.04226136
0.9493599994999999,3.82781744,1.37235487
0.95,3.78429508,1.35500741
0.95103999994,3.78429508,1.47656250
0.9520799998899999,3.82781744,0.03469488
0.95311999983,3.82781744,0.19106792
0.95415999978,3.82781744,0.71222931
0.95519999972,3.82781744,0.20841536
0.95623999966,3.78429508,0.38213584
0.95727999961,3.82781744,0.71222931
0.95831999955,3.82781744,0.74698573
0.9593599995,3.82781744,1.44186759
0.96,0.00000000,0.00000000
0.96103999994,0.04336860,0.00000000
0.9620799998899999,0.00000000,0.00000000
0.96311999983,0.00000000,0.00000000
0.96415999978,0.00000000,0.00000000
0.96519999972,0.00000000,0.00000000
0.96623999966,3.82781744,0.13896407
0.96727999961,3.82781744,1.14653051
0.96831999955,3.82781744,0.76433319
0.9693599995,3.82781744,0.79908955
0.97,3.82781744,1.68503940
0.97103999994,3.82781744,1.71979570
0.9720799998899999,3.82781744,1.66769195
0.97311999983,3.82781744,1.66769195
0.97415999978,3.82781744,1.68503940
0.97519999972,3.78429508,1.02491391
0.97623999966,3.82781744,0.20841536
0.97727999961,3.82781744,0.67747295
0.97831999955,3.78429508,0.62536907
0.9793599995,3.78429508,0.53850883
0.98,3.82781744,0.03469488
0.98103999994,3.82781744,0.20841536
0.9820799998899999,3.82781744,1.58083165
0.98311999983,3.82781744,1.51131892
0.98415999978,3.78429508,1.35500741
0.98519999972,0.00000000,0.00000000
0.98623999966,0.00000000,0.00000000
0.98727999961,0.00000000,0.00000000
0.98831999955,0.00000000,0.00000000
0.9893599995,0.00000000,0.00000000
0.99,0.00000000,0.00000000
0.99103999994,0.00000000,0.00000000
0.99207999989,0.00000000,0.00000000
0.99311999983,0.00000000,0.00000000
0.99415999978,0.00000000,0.00000000
0.9951999997200001,0.00000000,0.00000000
0.99623999966,3.82781744,0.06945128
0.99727999961,3.82781744,1.21598184
0.9983199995500001,3.82781744,1.44186759
0.9993599995,3.82781744,0.78168058
1.0,3.82781744,1.32025099
1.00103999994,3.82781744,0.93805367
1.0020799998899999,3.78429508,1.19863439
1.00311999983,3.82781744,0.97281003
1.00415999978,3.78429508,1.18128693
1.00519999972,3.82781744,1.04226136
1.00623999966,0.04336860,0.00000000
1.00727999961,0.00000000,0.00000000
1.00831999955,0.00000000,0.00000000
1.0093599995,0.00000000,0.00000000
1.01,0.00000000,0.00000000
1.01103999994,3.78429508,0.27792814
1.0120799998899999,3.82781744,0.00000000
1.01311999983,3.78429508,0.03469488
1.01415999978,3.78429508,0.01734744
1.01519999972,3.82781744,0.01734744
1.01623999966,3.78429508,0.05210384
1.01727999961,3.82781744,0.01734744
1.01831999955,3.82781744,1.47656250
1.0193599995,3.82781744,1.42445862
1.02,0.00000000,0.00000000
1.02103999994,0.00000000,0.00000000
1.0220799998899999,0.00000000,0.00000000
1.02311999983,0.04336860,0.00000000
1.02415999978,0.00000000,0.00000000
1.02519999972,3.82781744,0.95540106
1.02623999966,3.82781744,0.93805367
1.02727999961,3.78429508,0.85119343
1.0283199995499999,3.82781744,0.90329725
1.0293599995,3.82781744,0.81643701
1.03,0.00000000,0.00000000
1.03103999994,0.00000000,0.00000000
1.0320799998899999,0.00000000,0.00000000
1.03311999983,0.04336860,0.00000000
1.03415999978,0.00000000,0.00000000
1.03519999972,0.00000000,0.00000000
1.03623999966,0.00000000,0.00000000
1.03727999961,0.00000000,0.00000000
1.0383199995499999,0.00000000,0.00000000
1.0393599995,3.82781744,0.99015749
1.04,0.00000000,0.00000000
1.04103999994,0.04336860,0.00000000
1.0420799998899999,0.00000000,0.00000000
1.04311999983,0.00000000,0.00000000
1.04415999978,0.00000000,0.00000000
1.04519999972,0.00000000,0.00000000
1.04623999966,0.04336860,0.00000000
1.04727999961,0.00000000,0.00000000
1.0483199995499999,0.00000000,0.00000000
1.0493599995,3.82781744,0.39954478
1.05,3.78429508,0.39954478
1.05103999994,3.82781744,0.43423966
1.05207999989,3.78429508,0.52109993
1.05311999983,3.82781744,0.55585629
1.05415999978,3.78429508,0.48640501
1.0551999997200001,3.78429508,0.53850883
1.05623999966,3.78429508,0.48640501
1.05727999961,3.82781744,0.52109993
1.05831999955,3.78429508,0.52109993
1.0593599995,3.82781744,0.52109993
1.06,3.78429508,0.85119343
1.06103999994,0.00000000,0.00000000
1.06207999989,0.00000000,0.00000000
1.06311999983,0.00000000,0.00000000
1.06415999978,0.04336860,0.00000000
1.0651999997200001,0.00000000,0.00000000
1.06623999966,0.00000000,0.00000000
1.06727999961,0.00000000,0.00000000
1.06831999955,0.00000000,0.00000000
1.0693599995,0.00000000,0.00000000
1.07,3.82781744,1.12912154
1.07103999994,3.82781744,1.05967033
1.07207999989,3.82781744,1.04226136
1.07311999983,3.82781744,1.12912154
1.07415999978,3.78429508,1.11177409
1.0751999997200001,0.00000000,0.00000000
1.07623999966,0.00000000,0.00000000
1.07727999961,0.04336860,0.00000000
1.07831999955,0.00000000,0.00000000
1.0793599995,0.00000000,0.00000000
1.08,3.82781744,0.55585629
1.08103999994,3.82781744,1.21598184
1.08207999989,3.78429508,1.28549457
1.08311999983,3.78429508,1.12912154
1.08415999978,3.82781744,1.09442663
1.0851999997200001,3.82781744,1.11177409
1.08623999966,0.04336860,0.00000000
1.08727999961,0.00000000,0.00000000
1.08831999955,0.00000000,0.00000000
1.0893599995,0.00000000,0.00000000
1.09,3.78429508,0.03469488
1.09103999994,3.82781744,0.22582431
1.09207999989,0.04336860,0.00000000
1.09311999983,0.00000000,0.00000000
1.09415999978,0.00000000,0.00000000
1.0951999997200002,0.00000000,0.00000000
1.09623999966,0.00000000,0.00000000
1.09727999961,0.00000000,0.00000000
1.09831999955,0.00000000,0.00000000
1.0993599994999999,0.00000000,0.00000000
1.1,3.78429508,1.07701766
1.10103999994,0.00000000,0.00000000
1.10207999989,0.04336860,0.00000000
1.10311999983,0.00000000,0.00000000
1.10415999978,0.00000000,0.00000000
1.1051999997200002,0.00000000,0.00000000
1.1062399996599999,0.00000000,0.00000000
1.10727999961,0.00000000,0.00000000
1.10831999955,0.00000000,0.00000000
1.1093599994999999,0.00000000,0.00000000
1.11,0.00000000,0.00000000
1.11103999994,0.00000000,0.00000000
1.11207999989,0.00000000,0.00000000
1.11311999983,3.78429508,0.81643701
1.1141599997799998,3.82781744,0.86854082
1.11519999972,3.82781744,0.78168058
1.1162399996599999,3.82781744,0.81643701
1.11727999961,3.82781744,0.79908955
1.11831999955,3.78429508,0.81643701
1.1193599994999999,3.82781744,0.83384597
1.12,0.00000000,0.00000000
1.1210399999399998,3.82781744,1.71979570
1.12207999989,3.82781744,1.58083165
1.12311999983,3.82781744,1.45921504
1.1241599997799998,3.82781744,1.42445862
1.12519999972,3.82781744,1.40711117
1.1262399996599999,3.82781744,1.42445862
1.12727999961,3.82781744,1.49397147
1.12831999955,3.82781744,1.44186759
1.1293599994999999,3.78429508,1.47656250
1.13,3.78429508,0.00000000
1.1310399999399998,3.78429508,0.00000000
1.13207999989,3.82781744,0.01734744
1.1331199998300001,3.82781744,1.12912154
1.1341599997799998,0.04336860,0.00000000
1.13519999972,0.04336860,0.00000000
1.1362399996599999,0.00000000,0.00000000
1.13727999961,0.00000000,0.00000000
1.13831999955,0.00000000,0.00000000
1.1393599994999999,0.00000000,0.00000000
1.14,0.00000000,0.00000000
1.1410399999399998,0.00000000,0.00000000
1.14207999989,3.82781744,1.30284202
1.1431199998300001,3.78429508,1.42445862
1.1441599997799998,3.78429508,1.30284202
1.14519999972,3.78429508,1.37235487
1.14623999966,3.82781744,1.19863439
1.14727999961,3.82781744,1.37235487
1.14831999955,3.82781744,1.21598184
1.1493599995,3.82781744,1.52872789
1.15,3.82781744,0.01734744
1.1510399999399998,3.82781744,0.01734744
1.15207999989,3.78429508,0.01734744
1.1531199998300001,3.82781744,0.01734744
1.1541599997799998,3.78429508,0.03469488
1.15519999972,3.82781744,0.01734744
1.15623999966,3.82781744,0.00000000
1.15727999961,0.13041338,0.05210384
1.15831999955,0.00000000,0.00000000
1.1593599995,0.00000000,0.00000000
1.16,0.00000000,0.00000000
1.1610399999399998,0.00000000,0.00000000
1.16207999989,0.04336860,0.00000000
1.1631199998300001,0.00000000,0.00000000
1.1641599997799998,3.82781744,1.33759844
1.16519999972,3.82781744,1.52872789
1.16623999966,3.82781744,0.00000000
1.16727999961,3.82781744,0.03469488
1.16831999955,3.82781744,0.05210384
1.1693599995,3.78429508,0.01734744
1.17,3.82781744,1.56342268
1.1710399999399999,3.82781744,1.14653051
1.17207999989,3.82781744,0.24317175
1.1731199998300001,3.82781744,0.36478838
1.1741599997799999,3.82781744,0.74698573
1.17519999972,3.78429508,0.57326525
1.17623999966,3.78429508,0.60796016
1.17727999961,3.78429508,0.34737942
1.17831999955,3.82781744,0.29527560
1.1793599995,3.82781744,0.34737942
1.18,0.00000000,0.00000000
1.1810399999399999,0.00000000,0.00000000
1.18207999989,0.00000000,0.00000000
1.1831199998300002,0.00000000,0.00000000
1.1841599997799999,0.00000000,0.00000000
1.18519999972,0.00000000,0.00000000
1.18623999966,0.00000000,0.00000000
1.18727999961,0.04336860,0.00000000
1.18831999955,3.82781744,0.53850883
1.1893599995,3.82781744,0.52109993
1.19,3.82781744,0.48640501
1.1910399999399999,3.78429508,0.46899605
1.19207999989,3.82781744,0.46899605
1.1931199998300002,0.00000000,0.00000000
1.1941599997799999,0.00000000,0.00000000
1.19519999972,0.00000000,0.00000000
1.19623999966,0.00000000,0.00000000
1.19727999961,0.04336860,0.00000000
1.19831999955,0.00000000,0.00000000
1.1993599995,0.00000000,0.00000000
1.2,3.82781744,1.49397147
1.2010399999399999,3.78429508,1.51131892
1.20207999989,3.82781744,1.45921504
1.2031199998300002,0.04336860,0.00000000
1.2041599997799999,0.00000000,0.00000000
1.20519999972,0.00000000,0.00000000
1.20623999966,0.00000000,0.00000000
1.20727999961,0.04336860,0.00000000
1.20831999955,0.00000000,0.00000000
1.2093599995,0.00000000,0.00000000
1.21,3.82781744,0.60796016
1.21103999994,0.00000000,0.00000000
1.21207999989,0.00000000,0.00000000
1.2131199998300002,0.04336860,0.00000000
1.2141599997799999,0.00000000,0.00000000
1.21519999972,0.04336860,0.00000000
1.21623999966,0.00000000,0.00000000
1.21727999961,0.00000000,0.00000000
1.2183199995499998,0.04336860,0.00000000
1.2193599995,0.00000000,0.00000000
1.22,0.04336860,0.00000000
1.22103999994,0.00000000,0.00000000
1.22207999989,0.00000000,0.00000000
1.2231199998300002,0.04336860,0.00000000
1.22415999978,0.00000000,0.00000000
1.22519999972,0.00000000,0.00000000
1.22623999966,0.00000000,0.00000000
1.22727999961,0.04336860,0.00000000
1.2283199995499998,0.00000000,0.00000000
1.2293599995,0.00000000,0.00000000
1.23,0.00000000,0.00000000
1.23103999994,0.00000000,0.00000000
1.23207999989,0.04336860,0.00000000
1.2331199998300002,3.78429508,0.38213584
1.23415999978,3.78429508,0.48640501
1.23519999972,3.82781744,0.39954478
1.23623999966,3.82781744,0.57326525
1.23727999961,3.82781744,1.02491391
1.2383199995499998,3.78429508,1.07701766
1.2393599995,3.82781744,1.04226136
1.24,3.82781744,0.76433319
1.24103999994,3.78429508,0.83384597
1.24207999989,3.82781744,0.76433319
1.24311999983,3.82781744,0.83384597
1.24415999978,3.82781744,0.76433319
1.24519999972,3.78429508,0.83384597
1.24623999966,3.78429508,0.78168058
1.24727999961,3.82781744,0.78168058
1.2483199995499998,3.82781744,0.74698573
1.2493599995,0.00000000,0.00000000
1.25,0.04336860,0.00000000
1.25103999994,0.00000000,0.00000000
1.2520799998899999,0.04336860,0.00000000
1.25311999983,0.00000000,0.00000000
1.25415999978,0.00000000,0.00000000
1.25519999972,0.00000000,0.00000000
1.25623999966,0.00000000,0.00000000
1.25727999961,0.00000000,0.00000000
1.2583199995499998,0.04336860,0.00000000
1.2593599995,0.00000000,0.00000000
1.26,0.00000000,0.00000000
1.26103999994,0.00000000,0.00000000
1.2620799998899999,0.04336860,0.00000000
1.26311999983,0.00000000,0.00000000
1.26415999978,0.04336860,0.00000000
1.26519999972,0.00000000,0.00000000
1.26623999966,3.78429508,1.45921504
1.26727999961,3.82781744,1.33759844
1.2683199995499999,3.82781744,1.38970220
1.2693599995,3.82781744,0.90329725
1.27,0.04336860,0.00000000
1.27103999994,0.00000000,0.00000000
1.2720799998899999,0.00000000,0.00000000
1.27311999983,0.00000000,0.00000000
1.27415999978,0.00000000,0.00000000
1.27519999972,0.00000000,0.00000000
1.27623999966,0.00000000,0.00000000
1.27727999961,0.00000000,0.00000000
1.2783199995499999,0.00000000,0.00000000
1.2793599995,0.00000000,0.00000000
1.28,3.78429508,0.85119343
1.28103999994,3.82781744,0.99015749
1.2820799998899999,3.82781744,0.86854082
1.28311999983,3.82781744,1.02491391
1.28415999978,3.78429508,0.86854082
1.28519999972,3.78429508,0.97281003
1.28623999966,3.82781744,0.88594979
1.28727999961,3.82781744,0.99015749
1.2883199995499999,3.82781744,1.09442663
1.2893599995,3.82781744,1.59817910
1.29,0.00000000,0.00000000
1.29103999994,0.00000000,0.00000000
1.2920799998899999,0.00000000,0.00000000
1.29311999983,0.00000000,0.00000000
1.29415999978,0.00000000,0.00000000
1.29519999972,0.00000000,0.00000000
1.29623999966,0.04336860,0.00000000
1.29727999961,0.04336860,0.00000000
1.2983199995499999,0.00000000,0.00000000
1.2993599995,0.00000000,0.00000000
1.3,3.82781744,0.10420768
1.30103999994,3.82781744,0.36478838
1.30207999989,3.82781744,0.12155512
1.30311999983,3.82781744,0.31268454
1.30415999978,3.82781744,1.42445862
1.3051999997200001,3.82781744,1.28549457
1.30623999966,3.82781744,1.11177409
1.30727999961,3.82781744,1.47656250
1.30831999955,3.78429508,1.14653051
1.3093599995,3.82781744,1.33759844
1.31,0.00000000,0.00000000
1.31103999994,0.00000000,0.00000000
1.31207999989,0.00000000,0.00000000
1.31311999983,3.78429508,1.58083165
1.31415999978,3.82781744,1.52872789
1.3151999997200001,3.78429508,1.49397147
1.31623999966,3.82781744,1.49397147
1.31727999961,3.82781744,1.28549457
1.31831999955,3.82781744,0.01734744
1.3193599995,3.82781744,0.03469488
1.32,3.78429508,1.32025099
1.32103999994,3.82781744,1.18128693
1.32207999989,3.82781744,1.16387796
1.32311999983,3.82781744,1.23339069
1.32415999978,3.82781744,1.37235487
1.3251999997200001,3.82781744,1.30284202
1.32623999966,3.82781744,1.26814711
1.32727999961,3.78429508,1.28549457
1.32831999955,3.78429508,1.28549457
1.3293599995,3.82781744,1.25073814
1.33,3.82781744,1.14653051
1.33103999994,0.00000000,0.00000000
1.33207999989,0.00000000,0.00000000
1.33311999983,0.04336860,0.00000000
1.33415999978,0.00000000,0.00000000
1.3351999997200001,0.00000000,0.00000000
1.33623999966,0.00000000,0.00000000
1.33727999961,0.00000000,0.00000000
1.33831999955,0.00000000,0.00000000
1.3393599995,0.04336860,0.00000000
1.34,3.82781744,0.31268454
1.34103999994,3.82781744,0.41689223
1.34207999989,3.82781744,0.39954478
1.34311999983,3.82781744,0.38213584
1.34415999978,3.82781744,0.38213584
1.3451999997200002,3.82781744,0.36478838
1.34623999966,3.82781744,0.38213584
1.34727999961,3.82781744,0.36478838
1.34831999955,3.82781744,0.38213584
1.3493599994999999,0.04336860,0.00000000
1.35,3.78429508,1.11177409
1.35103999994,3.82781744,1.37235487
1.35207999989,3.82781744,1.33759844
1.35311999983,3.82781744,1.30284202
1.35415999978,0.00000000,0.00000000
1.3551999997200002,0.00000000,0.00000000
1.3562399996599999,0.00000000,0.00000000
1.35727999961,0.00000000,0.00000000
1.35831999955,0.00000000,0.00000000
1.3593599994999999,0.00000000,0.00000000
1.36,0.04336860,0.00000000
1.36103999994,0.00000000,0.00000000
1.36207999989,0.00000000,0.00000000
1.36311999983,0.00000000,0.00000000
1.3641599997799998,0.00000000,0.00000000
1.36519999972,3.82781744,0.67747295
1.3662399996599999,3.82781744,0.59061271
1.36727999961,3.78429508,0.66012549
1.36831999955,3.78429508,0.60796016
1.3693599994999999,3.82781744,0.66012549
1.37,3.82781744,0.97281003
1.3710399999399998,3.82781744,1.12912154
1.37207999989,3.82781744,0.05210384
1.37311999983,3.82781744,1.28549457
1.3741599997799998,3.82781744,0.67747295
1.37519999972,3.82781744,0.67747295
1.3762399996599999,3.78429508,1.12912154
1.37727999961,3.82781744,0.99015749
1.37831999955,3.82781744,1.09442663
1.3793599994999999,3.82781744,0.86854082
1.38,0.04336860,0.00000000
1.3810399999399998,0.04336860,0.00000000
1.38207999989,0.04336860,0.00000000
1.3831199998300001,0.00000000,0.00000000
1.3841599997799998,0.00000000,0.00000000
1.38519999972,3.82781744,0.72957677
1.3862399996599999,3.82781744,1.54607534
1.38727999961,3.78429508,1.52872789
1.38831999955,3.82781744,1.59817910
1.3893599994999999,3.82781744,1.47656250
1.39,3.78429508,0.69482034
1.3910399999399998,3.82781744,0.69482034
1.39207999989,3.78429508,0.17365895
1.3931199998300001,3.78429508,0.15631151
1.3941599997799998,3.82781744,0.26051921
1.39519999972,3.82781744,0.19106792
1.39623999966,0.00000000,0.00000000
1.39727999961,0.00000000,0.00000000
1.39831999955,0.04336860,0.00000000
1.3993599995,0.04336860,0.00000000
1.4,0.04336860,0.00000000
1.4010399999399998,0.04336860,0.00000000
1.40207999989,0.04336860,0.00000000
1.4031199998300001,0.00000000,0.00000000
1.4041599997799998,0.00000000,0.00000000
1.40519999972,3.78429508,1.54607534
1.40623999966,3.82781744,1.28549457
1.40727999961,3.78429508,1.30284202
1.40831999955,3.78429508,1.38970220
1.4093599995,3.82781744,1.16387796
1.41,3.82781744,1.47656250
1.4110399999399998,3.82781744,1.56342268
1.41207999989,3.78429508,0.95540106
1.4131199998300001,3.82781744,1.18128693
1.4141599997799998,3.82781744,1.32025099
1.41519999972,3.82781744,1.21598184
1.41623999966,3.82781744,1.11177409
1.41727999961,3.82781744,0.48640501
1.41831999955,3.82781744,0.45164862
1.4193599995,3.82781744,0.67747295
1.42,0.00000000,0.00000000
1.4210399999399999,0.00000000,0.00000000
1.42207999989,3.78429508,1.52872789
1.4231199998300001,3.78429508,0.85119343
1.4241599997799999,3.82781744,1.19863439
1.42519999972,3.82781744,1.25073814
1.42623999966,3.82781744,1.25073814
1.42727999961,3.78429508,1.30284202
1.42831999955,3.82781744,1.18128693
1.4293599995,3.78429508,1.26814711
1.43,0.00000000,0.00000000
1.4310399999399999,0.04336860,0.00000000
1.43207999989,0.00000000,0.00000000
1.4331199998300002,0.00000000,0.00000000
1.4341599997799999,0.00000000,0.00000000
1.43519999972,0.00000000,0.00000000
1.43623999966,3.82781744,0.62536907
1.43727999961,3.82781744,0.71222931
1.43831999955,3.78429508,0.27792814
1.4393599995,3.82781744,0.33003199
1.44,3.82781744,1.28549457
1.4410399999399999,3.82781744,1.25073814
1.44207999989,3.82781744,1.18128693
1.4431199998300002,3.82781744,1.16387796
1.4441599997799999,3.78429508,1.16387796
1.44519999972,3.78429508,1.21598184
1.44623999966,3.82781744,1.21598184
1.44727999961,3.82781744,1.19863439
1.44831999955,3.82781744,1.28549457
1.4493599995,3.82781744,1.38970220
1.45,3.82781744,1.11177409
1.4510399999399999,3.82781744,1.07701766
1.45207999989,3.82781744,1.11177409
1.4531199998300002,3.82781744,1.05967033
1.4541599997799999,3.82781744,1.11177409
1.45519999972,3.82781744,1.09442663
1.45623999966,3.78429508,1.07701766
1.45727999961,3.82781744,1.28549457
1.45831999955,3.82781744,0.00000000
1.4593599995,3.82781744,0.17365895
1.46,3.78429508,1.14653051
1.46103999994,3.78429508,1.04226136
1.46207999989,3.82781744,1.28549457
1.4631199998300002,3.78429508,1.23339069
1.4641599997799999,3.82781744,1.25073814
1.46519999972,3.78429508,1.16387796
1.46623999966,3.78429508,0.83384597
1.46727999961,0.00000000,0.00000000
1.4683199995499998,0.00000000,0.00000000
1.4693599995,0.04336860,0.00000000
1.47,3.82781744,0.71222931
1.47103999994,3.82781744,1.04226136
1.47207999989,3.82781744,1.28549457
1.4731199998300002,3.78429508,0.97281003
1.47415999978,3.78429508,1.00756645
1.47519999972,3.78429508,0.99015749
1.47623999966,3.78429508,1.07701766
1.47727999961,3.82781744,1.04226136
1.4783199995499998,3.78429508,1.11177409
1.4793599995,3.78429508,1.02491391
1.48,0.00000000,0.00000000
1.48103999994,0.00000000,0.00000000
1.48207999989,0.04336860,0.00000000
1.4831199998300002,0.00000000,0.00000000
1.48415999978,3.82781744,0.66012549
1.48519999972,3.82781744,0.55585629
1.48623999966,3.78429508,0.85119343
1.48727999961,3.82781744,0.72957677
1.4883199995499998,3.82781744,0.67747295
1.4893599995,3.78429508,0.81643701
1.49,3.82781744,0.03469488
1.49103999994,3.82781744,0.03469488
1.49207999989,3.82781744,0.05210384
1.49311999983,3.82781744,0.03469488
1.49415999978,3.78429508,0.03469488
1.49519999972,3.78429508,0.03469488
1.49623999966,3.78429508,0.03469488
1.49727999961,3.78429508,0.03469488
1.4983199995499998,3.82781744,0.03469488
1.4993599995,3.78429508,0.03469488
1.5,3.82781744,1.45921504
1.50103999994,3.78429508,1.37235487
1.5020799998899999,3.82781744,1.45921504
1.50311999983,3.82781744,1.40711117
1.50415999978,3.78429508,1.42445862
1.50519999972,3.82781744,1.40711117
1.50623999966,3.82781744,1.49397147
1.50727999961,3.82781744,1.07701766
1.5083199995499998,3.82781744,1.58083165
1.5093599995,0.00000000,0.00000000
1.51,0.04336860,0.00000000
1.51103999994,0.00000000,0.00000000
1.5120799998899999,0.04336860,0.00000000
1.51311999983,0.00000000,0.00000000
1.51415999978,0.00000000,0.00000000
1.51519999972,0.00000000,0.00000000
1.51623999966,0.00000000,0.00000000
1.51727999961,0.00000000,0.00000000
1.5183199995499999,0.04336860,0.00000000
1.5193599995,0.00000000,0.00000000
1.52,0.00000000,0.00000000
1.52103999994,0.00000000,0.00000000
1.5220799998899999,3.82781744,1.45921504
1.52311999983,3.78429508,0.99015749
1.52415999978,3.82781744,1.11177409
1.52519999972,3.82781744,1.18128693
1.52623999966,3.78429508,1.14653051
1.52727999961,3.82781744,1.14653051
1.5283199995499999,3.78429508,1.21598184
1.5293599995,3.78429508,1.28549457
1.53,3.82781744,1.32025099
1.53103999994,0.00000000,0.03469488
1.5320799998899999,0.00000000,0.00000000
1.53311999983,0.00000000,0.00000000
1.53415999978,0.04336860,0.00000000
1.53519999972,0.00000000,0.00000000
1.53623999966,0.00000000,0.00000000
1.53727999961,0.00000000,0.00000000
1.5383199995499999,0.04336860,0.00000000
1.5393599995,0.00000000,0.00000000
1.54,3.82781744,1.35500741
1.54103999994,3.82781744,1.32025099
1.5420799998899999,3.78429508,1.38970220
1.54311999983,3.78429508,1.30284202
1.54415999978,3.82781744,1.33759844
1.54519999972,0.00000000,0.00000000
1.54623999966,0.00000000,0.00000000
1.54727999961,0.00000000,0.00000000
1.5483199995499999,0.04336860,0.00000000
1.5493599995,0.00000000,0.00000000
1.55,0.04336860,0.00000000
1.55103999994,0.04336860,0.00000000
1.55207999989,0.04336860,0.00000000
1.55311999983,0.04336860,0.00000000
1.55415999978,3.78429508,1.65028298
1.5551999997200001,3.82781744,1.56342268
1.55623999966,3.82781744,1.61558807
1.55727999961,3.82781744,1.59817910
1.55831999955,3.82781744,1.61558807
1.5593599995,3.82781744,1.59817910
1.56,3.78429508,1.47656250
1.56103999994,3.82781744,1.44186759
1.56207999989,3.78429508,1.42445862
1.56311999983,3.78429508,1.44186759
1.56415999978,3.82781744,1.47656250
1.5651999997200001,0.00000000,0.00000000
1.56623999966,0.04336860,0.00000000
1.56727999961,0.00000000,0.00000000
1.56831999955,0.00000000,0.00000000
1.5693599995,0.00000000,0.00000000
1.57,3.82781744,1.35500741
1.57103999994,3.78429508,1.45921504
1.57207999989,3.82781744,1.54607534
1.57311999983,3.82781744,0.81643701
1.57415999978,3.78429508,1.14653051
1.5751999997200001,3.78429508,1.28549457
1.57623999966,3.82781744,1.26814711
1.57727999961,3.82781744,1.30284202
1.57831999955,3.82781744,1.28549457
1.5793599995,3.82781744,1.18128693
1.58,0.04336860,0.00000000
1.58103999994,0.04336860,0.00000000
1.58207999989,0.00000000,0.00000000
1.58311999983,0.00000000,0.00000000
1.58415999978,0.00000000,0.00000000
1.5851999997200001,0.04336860,0.00000000
1.58623999966,0.00000000,0.00000000
1.58727999961,0.00000000,0.00000000
1.58831999955,0.00000000,0.00000000
1.5893599995,0.00000000,0.00000000
1.59,0.00000000,0.00000000
1.59103999994,0.04336860,0.00000000
1.59207999989,0.00000000,0.00000000
1.59311999983,3.82781744,1.65028298
1.59415999978,3.82781744,1.65028298
1.5951999997200002,3.78429508,0.31268454
1.59623999966,3.82781744,0.29527560
1.59727999961,3.78429508,0.45164862
1.59831999955,3.82781744,0.45164862
1.5993599994999999,3.82781744,0.45164862
1.6,0.00000000,0.00000000
1.60103999994,3.82781744,1.59817910
1.60207999989,3.82781744,1.51131892
1.60311999983,3.78429508,1.33759844
1.60415999978,3.82781744,0.53850883
1.6051999997200002,3.82781744,0.85119343
1.6062399996599999,3.82781744,1.09442663
1.60727999961,3.82781744,0.99015749
1.60831999955,3.82781744,1.09442663
1.6093599994999999,3.78429508,1.04226136
1.61,3.82781744,1.18128693
1.61103999994,0.04336860,0.00000000
1.61207999989,0.00000000,0.00000000
1.61311999983,0.00000000,0.00000000
1.6141599997799998,0.00000000,0.00000000
1.61519999972,0.00000000,0.00000000
1.6162399996599999,0.00000000,0.00000000
1.61727999961,0.00000000,0.00000000
1.61831999955,0.04336860,0.00000000
1.6193599994999999,0.00000000,0.00000000
1.62,3.78429508,1.33759844
1.6210399999399998,3.78429508,1.16387796
1.62207999989,3.82781744,1.35500741
1.62311999983,3.82781744,1.07701766
1.6241599997799998,3.78429508,1.33759844
1.62519999972,3.82781744,1.12912154
1.6262399996599999,0.00000000,0.00000000
1.62727999961,0.00000000,0.00000000
1.62831999955,0.00000000,0.00000000
1.6293599994999999,0.04336860,0.00000000
1.63,3.82781744,1.42445862
1.6310399999399998,3.78429508,1.49397147
1.63207999989,3.78429508,1.47656250
1.6331199998300001,3.82781744,1.38970220
1.6341599997799998,3.82781744,0.76433319
1.63519999972,3.82781744,0.95540106
1.6362399996599999,3.78429508,1.28549457
1.63727999961,3.82781744,1.05967033
1.63831999955,3.82781744,1.28549457
1.6393599994999999,0.00000000,0.00000000
1.64,0.00000000,0.00000000
1.6410399999399998,0.04336860,0.00000000
1.64207999989,0.04336860,0.00000000
1.6431199998300001,0.00000000,0.00000000
1.6441599997799998,0.00000000,0.00000000
1.64519999972,0.00000000,0.00000000
1.64623999966,0.00000000,0.00000000
1.64727999961,0.04336860,0.00000000
1.64831999955,0.00000000,0.00000000
1.6493599995,0.00000000,0.00000000
1.65,3.82781744,1.38970220
1.6510399999399998,3.78429508,1.47656250
1.65207999989,3.82781744,1.40711117
1.6531199998300001,3.82781744,1.51131892
1.6541599997799998,3.78429508,1.40711117
1.65519999972,3.82781744,1.45921504
1.65623999966,0.04336860,0.00000000
1.65727999961,0.00000000,0.00000000
1.65831999955,0.00000000,0.00000000
1.6593599995,0.00000000,0.00000000
1.66,3.82781744,1.07701766
1.6610399999399998,0.00000000,0.00000000
1.66207999989,0.00000000,0.00000000
1.6631199998300001,0.00000000,0.00000000
1.6641599997799998,0.00000000,0.00000000
1.66519999972,0.00000000,0.00000000
1.66623999966,0.00000000,0.00000000
1.66727999961,0.00000000,0.00000000
1.66831999955,0.00000000,0.00000000
1.6693599995,0.00000000,0.00000000
1.67,0.00000000,0.00000000
1.6710399999399999,0.00000000,0.00000000
1.67207999989,0.00000000,0.00000000
1.6731199998300001,0.00000000,0.00000000
1.6741599997799999,0.00000000,0.00000000
1.67519999972,0.00000000,0.00000000
1.67623999966,0.00000000,0.00000000
1.67727999961,0.00000000,0.00000000
1.67831999955,0.00000000,0.00000000
1.6793599995,0.00000000,0.00000000
1.68,3.82781744,1.37235487
1.6810399999399999,3.82781744,1.25073814
1.68207999989,3.82781744,0.88594979
1.6831199998300002,3.82781744,1.19863439
1.6841599997799999,3.82781744,1.07701766
1.68519999972,3.82781744,1.09442663
1.68623999966,3.82781744,1.14653051
1.68727999961,3.82781744,1.12912154
1.68831999955,3.82781744,1.09442663
1.6893599995,3.82781744,1.07701766
1.69,3.82781744,1.16387796
1.6910399999399999,3.82781744,1.11177409
1.69207999989,3.82781744,1.12912154
1.6931199998300002,3.78429508,1.12912154
1.6941599997799999,3.78429508,1.18128693
1.69519999972,3.78429508,1.12912154
1.69623999966,3.82781744,1.14653051
1.69727999961,3.82781744,1.11177409
1.69831999955,0.00000000,0.00000000
1.6993599995,0.00000000,0.00000000
1.7,0.00000000,0.00000000
1.7010399999399999,0.04336860,0.00000000
1.70207999989,3.82781744,1.51131892
1.7031199998300002,3.82781744,0.53850883
1.7041599997799999,3.82781744,0.15631151
1.70519999972,3.78429508,0.39954478
1.70623999966,3.78429508,0.52109993
1.70727999961,3.78429508,0.48640501
1.70831999955,3.82781744,1.00756645
1.7093599995,3.82781744,1.45921504
1.71,0.00000000,0.00000000
1.71103999994,0.00000000,0.00000000
1.71207999989,0.00000000,0.00000000
1.7131199998300002,0.00000000,0.00000000
1.7141599997799999,0.04336860,0.00000000
1.71519999972,0.04336860,0.00000000
1.71623999966,0.00000000,0.00000000
1.71727999961,0.00000000,0.00000000
1.7183199995499998,0.04336860,0.00000000
1.7193599995,3.82781744,0.78168058
1.72,3.78429508,0.15631151
1.72103999994,3.82781744,0.93805367
1.72207999989,3.82781744,0.74698573
1.7231199998300002,3.78429508,0.64271653
1.72415999978,3.78429508,1.14653051
1.72519999972,3.78429508,0.66012549
1.72623999966,3.82781744,1.09442663
1.72727999961,3.78429508,0.31268454
1.7283199995499998,3.78429508,0.57326525
1.7293599995,3.82781744,0.38213584
1.73,0.00000000,0.00000000
1.73103999994,0.00000000,0.00000000
1.73207999989,0.00000000,0.00000000
1.7331199998300002,0.04336860,0.00000000
1.73415999978,3.78429508,1.75455213
1.73519999972,3.82781744,1.58083165
1.73623999966,3.82781744,1.59817910
1.73727999961,3.82781744,1.59817910
1.7383199995499998,3.82781744,1.65028298
1.7393599995,3.82781744,1.45921504
1.74,0.00000000,0.00000000
1.74103999994,0.00000000,0.00000000
1.74207999989,0.04336860,0.00000000
1.74311999983,0.04336860,0.00000000
1.74415999978,0.00000000,0.00000000
1.74519999972,0.04336860,0.00000000
1.74623999966,0.00000000,0.00000000
1.74727999961,0.04336860,0.00000000
1.7483199995499998,3.82781744,1.45921504
1.7493599995,3.78429508,1.35500741
1.75,0.00000000,0.00000000
1.75103999994,0.00000000,0.00000000
1.7520799998899999,0.00000000,0.00000000
1.75311999983,0.04336860,0.00000000
1.75415999978,0.00000000,0.00000000
1.75519999972,0.00000000,0.00000000
1.75623999966,0.00000000,0.00000000
1.75727999961,0.00000000,0.00000000
1.7583199995499998,0.00000000,0.00000000
1.7593599995,0.00000000,0.00000000
1.76,0.00000000,0.00000000
1.76103999994,0.04336860,0.00000000
1.7620799998899999,0.00000000,0.00000000
1.76311999983,0.00000000,0.00000000
1.76415999978,0.04336860,0.00000000
1.76519999972,0.00000000,0.00000000
1.76623999966,0.00000000,0.00000000
1.76727999961,0.00000000,0.00000000
1.7683199995499999,0.00000000,0.00000000
1.7693599995,0.00000000,0.00000000
1.77,0.04336860,0.00000000
1.77103999994,0.00000000,0.00000000
1.7720799998899999,0.04336860,0.00000000
1.77311999983,0.00000000,0.00000000
1.77415999978,0.00000000,0.00000000
1.77519999972,0.00000000,0.00000000
1.77623999966,0.00000000,0.00000000
1.77727999961,3.82781744,0.05210384
1.7783199995499999,3.78429508,0.03469488
1.7793599995,3.78429508,0.15631151
1.78,0.00000000,0.00000000
1.78103999994,0.00000000,0.00000000
1.7820799998899999,0.00000000,0.00000000
1.78311999983,0.00000000,0.00000000
1.78415999978,0.04336860,0.00000000
1.78519999972,0.00000000,0.00000000
1.78623999966,0.00000000,0.00000000
1.78727999961,0.00000000,0.00000000
1.7883199995499999,3.78429508,0.69482034
1.7893599995,3.82781744,0.86854082
1.79,0.00000000,0.00000000
1.79103999994,0.00000000,0.00000000
1.7920799998899999,0.00000000,0.00000000
1.79311999983,0.04336860,0.00000000
1.79415999978,0.00000000,0.00000000
1.79519999972,0.00000000,0.00000000
1.79623999966,0.00000000,0.00000000
1.79727999961,0.00000000,0.00000000
1.7983199995499999,0.00000000,0.00000000
1.7993599995,0.00000000,0.00000000
1.8,0.00000000,0.00000000
1.80103999994,3.82781744,0.60796016
1.80207999989,3.82781744,0.62536907
1.80311999983,3.78429508,0.62536907
1.80415999978,3.82781744,0.64271653
1.8051999997200001,3.78429508,0.62536907
1.80623999966,3.78429508,0.62536907
1.80727999961,3.82781744,1.16387796
1.80831999955,3.82781744,1.51131892
1.8093599995,3.82781744,1.44186759
1.81,3.82781744,1.63293552
1.81103999994,3.82781744,1.58083165
1.81207999989,3.82781744,1.54607534
1.81311999983,3.82781744,1.51131892
1.81415999978,3.82781744,1.52872789
1.8151999997200001,3.82781744,1.49397147
1.81623999966,3.82781744,1.52872789
1.81727999961,3.78429508,1.30284202
1.81831999955,3.78429508,1.11177409
1.8193599995,3.82781744,1.12912154
1.82,0.04336860,0.00000000
1.82103999994,0.00000000,0.00000000
1.82207999989,0.00000000,0.00000000
1.82311999983,3.82781744,0.43423966
1.82415999978,3.82781744,0.38213584
1.8251999997200001,3.82781744,0.45164862
1.82623999966,3.78429508,0.38213584
1.82727999961,3.82781744,0.59061271
1.82831999955,3.82781744,0.36478838
1.8293599995,3.82781744,0.43423966
1.83,3.78429508,1.26814711
1.83103999994,3.82781744,1.11177409
1.83207999989,3.82781744,1.23339069
1.83311999983,3.82781744,1.25073814
1.83415999978,3.78429508,1.19863439
1.8351999997200001,3.82781744,1.16387796
1.83623999966,3.82781744,1.23339069
1.83727999961,0.00000000,0.00000000
1.83831999955,0.00000000,0.00000000
1.8393599995,0.00000000,0.00000000
1.84,0.00000000,0.00000000
1.84103999994,3.78429508,0.99015749
1.84207999989,3.82781744,1.14653051
1.84311999983,3.82781744,1.16387796
1.84415999978,3.82781744,1.21598184
1.8451999997200002,3.82781744,1.18128693
1.84623999966,3.82781744,1.16387796
1.84727999961,3.82781744,1.16387796
1.84831999955,3.82781744,1.19863439
1.8493599994999999,3.78429508,1.14653051
1.85,3.82781744,1.19863439
1.85103999994,3.78429508,1.16387796
1.85207999989,3.82781744,1.18128693
1.85311999983,3.82781744,1.18128693
1.85415999978,3.78429508,1.26814711
1.8551999997200002,3.82781744,0.88594979
1.8562399996599999,3.78429508,1.00756645
1.85727999961,3.82781744,0.99015749
1.85831999955,3.82781744,1.05967033
1.8593599994999999,3.82781744,0.99015749
1.86,3.82781744,1.30284202
1.86103999994,3.82781744,1.19863439
1.86207999989,3.82781744,1.54607534
1.86311999983,3.82781744,1.19863439
1.8641599997799998,3.82781744,1.11177409
1.86519999972,3.82781744,1.35500741
1.8662399996599999,3.82781744,1.33759844
1.86727999961,3.78429508,1.35500741
1.86831999955,3.82781744,1.32025099
1.8693599994999999,3.82781744,1.28549457
1.87,0.04336860,0.00000000
1.8710399999399998,0.00000000,0.00000000
1.87207999989,0.00000000,0.00000000
1.87311999983,0.00000000,0.00000000
1.8741599997799998,0.00000000,0.00000000
1.87519999972,0.00000000,0.00000000
1.8762399996599999,0.00000000,0.00000000
1.87727999961,0.00000000,0.00000000
1.87831999955,3.82781744,1.70244837
1.8793599994999999,3.82781744,1.73714316
1.88,0.04336860,0.00000000
1.8810399999399998,3.82781744,0.52109993
1.88207999989,3.82781744,0.20841536
1.8831199998300001,3.82781744,0.36478838
1.8841599997799998,3.78429508,0.67747295
1.88519999972,3.82781744,0.57326525
1.8862399996599999,3.78429508,0.76433319
1.88727999961,3.82781744,0.55585629
1.88831999955,3.82781744,0.67747295
1.8893599994999999,3.82781744,0.62536907
1.89,0.00000000,0.00000000
1.8910399999399998,0.00000000,0.00000000
1.89207999989,0.00000000,0.00000000
1.8931199998300001,0.00000000,0.00000000
1.8941599997799998,0.04336860,0.00000000
1.89519999972,3.82781744,0.69482034
1.89623999966,3.82781744,0.34737942
1.89727999961,3.82781744,0.33003199
1.89831999955,3.78429508,0.72957677
1.8993599995,3.82781744,0.31268454
1.9,3.78429508,1.51131892
1.9010399999399998,3.82781744,1.54607534
1.90207999989,0.00000000,0.00000000
1.9031199998300001,0.00000000,0.00000000
1.9041599997799998,0.04336860,0.00000000
1.90519999972,0.04336860,0.00000000
1.90623999966,0.00000000,0.00000000
1.90727999961,0.00000000,0.00000000
1.90831999955,0.00000000,0.00000000
1.9093599995,0.00000000,0.00000000
1.91,0.00000000,0.00000000
1.9110399999399998,0.00000000,0.00000000
1.91207999989,0.00000000,0.00000000
1.9131199998300001,0.00000000,0.00000000
1.9141599997799998,0.00000000,0.00000000
1.91519999972,0.00000000,0.00000000
1.91623999966,3.82781744,0.15631151
1.91727999961,3.82781744,0.36478838
1.91831999955,3.82781744,0.60796016
1.9193599995,3.82781744,0.66012549
1.92,0.00000000,0.00000000
1.9210399999399999,0.00000000,0.00000000
1.92207999989,3.82781744,0.29527560
1.9231199998300001,3.82781744,0.59061271
1.9241599997799999,3.82781744,1.02491391
1.92519999972,3.82781744,0.81643701
1.92623999966,3.78429508,1.02491391
1.92727999961,3.78429508,0.85119343
1.92831999955,3.82781744,0.95540106
1.9293599995,3.78429508,0.67747295
1.93,3.78429508,1.75455213
1.9310399999399999,3.82781744,1.68503940
1.93207999989,3.78429508,1.71979570
1.9331199998300002,3.82781744,1.71979570
1.9341599997799999,3.82781744,1.68503940
1.93519999972,3.78429508,1.80665600
1.93623999966,3.78429508,1.61558807
1.93727999961,0.04336860,0.00000000
1.93831999955,0.04336860,0.00000000
1.9393599995,0.04336860,0.00000000
1.94,3.82781744,1.52872789
1.9410399999399999,3.82781744,1.58083165
1.94207999989,3.82781744,1.63293552
1.9431199998300002,3.78429508,1.68503940
1.9441599997799999,0.04336860,0.00000000
1.94519999972,0.00000000,0.00000000
1.94623999966,0.00000000,0.00000000
1.94727999961,0.00000000,0.00000000
1.94831999955,0.00000000,0.00000000
1.9493599995,0.00000000,0.00000000
1.95,0.00000000,0.00000000
1.9510399999399999,0.00000000,0.00000000
1.95207999989,0.04336860,0.00000000
1.9531199998300002,0.00000000,0.00000000
1.9541599997799999,0.04336860,0.00000000
1.95519999972,0.00000000,0.00000000
1.95623999966,0.00000000,0.00000000
1.95727999961,0.00000000,0.00000000
1.95831999955,0.00000000,0.00000000
1.9593599995,3.82781744,1.09442663
1.96,0.04336860,0.00000000
1.96103999994,0.00000000,0.00000000
1.96207999989,0.00000000,0.00000000
1.9631199998300002,0.00000000,0.00000000
1.9641599997799999,0.04336860,0.00000000
1.96519999972,0.00000000,0.00000000
1.96623999966,0.00000000,0.00000000
1.96727999961,0.00000000,0.00000000
1.9683199995499998,0.04336860,0.00000000
1.9693599995,3.82781744,0.53850883
1.97,0.04336860,0.00000000
1.97103999994,0.00000000,0.00000000
1.97207999989,0.00000000,0.00000000
1.9731199998300002,0.00000000,0.00000000
1.97415999978,0.00000000,0.00000000
1.97519999972,0.00000000,0.00000000
1.97623999966,0.00000000,0.00000000
1.97727999961,3.82781744,1.37235487
1.9783199995499998,3.78429508,1.33759844
1.9793599995,3.78429508,1.21598184
1.98,0.00000000,0.00000000
1.98103999994,0.00000000,0.00000000
1.98207999989,3.78429508,1.33759844
1.9831199998300002,3.82781744,1.26814711
1.98415999978,3.78429508,1.35500741
1.98519999972,3.82781744,1.66769195
1.98623999966,3.78429508,1.52872789
1.98727999961,3.82781744,1.52872789
1.9883199995499998,3.82781744,1.52872789
1.9893599995,3.78429508,0.01734744
1.99,0.00000000,0.00000000
1.99103999994,0.00000000,0.00000000
1.99207999989,0.00000000,0.00000000
1.99311999983,0.00000000,0.00000000
1.99415999978,0.00000000,0.00000000
1.99519999972,0.04336860,0.00000000
1.99623999966,0.00000000,0.00000000
1.99727999961,3.82781744,1.54607534
1.9983199995499998,3.82781744,0.85119343
1.9993599995,3.82781744,0.97281003
2.0,0.04336860,0.00000000
2.0010399999399997,0.00000000,0.00000000
2.00207999989,0.04336860,0.00000000
2.00311999983,3.82781744,1.40711117
2.0041599997799997,3.78429508,1.56342268
2.00519999972,3.82781744,1.58083165
2.00623999966,3.82781744,1.58083165
2.00727999961,3.78429508,1.54607534
2.00831999955,3.82781744,1.26814711
2.0093599995,3.82781744,0.50375247
2.01,0.00000000,0.00000000
2.01103999994,0.04336860,0.00000000
2.01207999989,0.00000000,0.00000000
2.0131199998300002,0.04336860,0.00000000
2.01415999978,0.04336860,0.00000000
2.01519999972,0.00000000,0.00000000
2.01623999966,0.00000000,0.00000000
2.01727999961,0.00000000,0.00000000
2.01831999955,0.00000000,0.00000000
2.0193599995,3.78429508,1.52872789
2.02,0.00000000,0.00000000
2.0210399999399997,0.00000000,0.00000000
2.02207999989,0.00000000,0.00000000
2.02311999983,0.00000000,0.00000000
2.0241599997799997,0.00000000,0.00000000
2.02519999972,0.00000000,0.00000000
2.02623999966,0.04336860,0.00000000
2.02727999961,0.00000000,0.00000000
2.02831999955,0.00000000,0.00000000
2.0293599995,0.00000000,0.00000000
2.03,0.00000000,0.00000000
2.03103999994,0.00000000,0.00000000
2.03207999989,3.82781744,1.52872789
2.0331199998300002,3.82781744,1.49397147
2.03415999978,3.82781744,1.51131892
2.03519999972,3.82781744,1.49397147
2.03623999966,3.82781744,1.59817910
2.03727999961,3.82781744,1.49397147
2.03831999955,3.82781744,1.47656250
2.0393599995,3.82781744,1.52872789
2.04,3.78429508,0.08679872
2.0410399999399997,3.82781744,0.08679872
2.04207999989,3.78429508,0.05210384
2.04311999983,3.82781744,0.10420768
2.0441599997799997,3.78429508,0.06945128
2.04519999972,3.82781744,0.10420768
2.04623999966,3.82781744,0.08679872
2.04727999961,3.78429508,0.10420768
2.04831999955,0.00000000,0.00000000
2.0493599995,0.00000000,0.00000000
2.05,0.04336860,0.00000000
2.05103999994,0.00000000,0.00000000
2.05207999989,0.00000000,0.00000000
2.05311999983,0.00000000,0.00000000
2.05415999978,0.04336860,0.00000000
2.05519999972,0.00000000,0.00000000
2.0562399996600003,0.00000000,0.00000000
2.05727999961,0.04336860,0.00000000
2.05831999955,3.78429508,0.17365895
2.0593599995,3.78429508,0.69482034
2.06,3.78429508,0.66012549
2.06103999994,3.82781744,0.69482034
2.0620799998900003,3.78429508,0.62536907
2.06311999983,3.82781744,0.66012549
2.0641599997799998,3.78429508,0.64271653
2.06519999972,3.82781744,0.66012549
2.06623999966,3.82781744,0.64271653
2.0672799996099998,3.78429508,0.67747295
2.06831999955,3.82781744,0.62536907
2.0693599995,3.82781744,0.67747295
2.07,3.82781744,0.66012549
2.07103999994,3.82781744,0.67747295
2.07207999989,3.82781744,0.66012549
2.07311999983,3.82781744,0.64271653
2.07415999978,3.82781744,0.67747295
2.07519999972,3.82781744,0.66012549
2.0762399996600003,3.78429508,0.64271653
2.07727999961,3.78429508,0.64271653
2.07831999955,3.78429508,0.64271653
2.0793599995,3.82781744,0.66012549
2.08,3.82781744,0.66012549
2.08103999994,3.78429508,0.66012549
2.0820799998900004,0.00000000,0.01734744
2.08311999983,0.00000000,0.00000000
2.0841599997799998,0.00000000,0.00000000
2.08519999972,0.00000000,0.00000000
2.08623999966,0.00000000,0.00000000
2.0872799996099998,0.00000000,0.00000000
2.08831999955,0.00000000,0.00000000
2.0893599995,0.00000000,0.00000000
2.09,3.78429508,0.66012549
2.09103999994,3.82781744,0.64271653
2.09207999989,3.82781744,0.67747295
2.09311999983,3.78429508,0.67747295
2.09415999978,3.82781744,0.64271653
2.09519999972,3.78429508,0.64271653
2.0962399996600003,3.82781744,0.62536907
2.0972799996099996,0.04336860,0.00000000
2.0983199995499997,0.04336860,0.00000000
2.0993599995,0.00000000,0.00000000
2.1,3.82781744,0.67747295
2.1010399999400002,3.82781744,0.67747295
2.1020799998900004,3.82781744,0.66012549
2.10311999983,3.82781744,0.67747295
2.10415999978,3.82781744,0.64271653
2.10519999972,3.82781744,0.66012549
2.10623999966,3.82781744,0.67747295
2.10727999961,3.87133980,0.67747295
2.10831999955,3.82781744,0.66012549
2.1093599995,3.82781744,0.66012549
2.11,0.00000000,0.00000000
2.11103999994,0.00000000,0.00000000
2.11207999989,0.00000000,0.00000000
2.11311999983,0.04336860,0.00000000
2.11415999978,0.00000000,0.00000000
2.11519999972,0.00000000,0.00000000
2.1162399996600003,3.82781744,0.69482034
2.1172799996099996,3.82781744,0.66012549
2.1183199995499997,3.78429508,0.66012549
2.1193599995,3.78429508,0.67747295
2.12,0.04336860,0.00000000
2.1210399999400003,3.82781744,0.67747295
2.1220799998900004,3.82781744,0.67747295
2.1231199998299997,3.82781744,0.66012549
2.12415999978,3.82781744,0.67747295
2.12519999972,3.82781744,0.66012549
2.12623999966,3.82781744,0.66012549
2.12727999961,3.78429508,0.66012549
2.12831999955,3.82781744,0.62536907
2.1293599995,3.78429508,0.64271653
2.13,3.82781744,0.66012549
2.13103999994,3.82781744,0.66012549
2.13207999989,3.78429508,0.64271653
2.13311999983,3.82781744,0.64271653
2.13415999978,3.78429508,0.64271653
2.13519999972,3.82781744,0.67747295
2.1362399996600003,3.82781744,0.66012549
2.1372799996099996,3.82781744,0.67747295
2.1383199995499997,3.82781744,0.64271653
2.1393599995,0.00000000,0.00000000
2.14,3.78429508,0.64271653
2.1410399999400003,3.82781744,0.66012549
2.14207999989,3.78429508,0.64271653
2.1431199998299997,0.04336860,0.00000000
2.14415999978,0.04336860,0.00000000
2.14519999972,0.04336860,0.00000000
2.14623999966,0.00000000,0.00000000
2.14727999961,0.00000000,0.00000000
2.14831999955,0.04336860,0.00000000
2.1493599995,0.00000000,0.00000000
2.15,0.00000000,0.00000000
2.15103999994,0.00000000,0.00000000
2.15207999989,0.00000000,0.00000000
2.15311999983,0.00000000,0.00000000
2.15415999978,0.00000000,0.00000000
2.15519999972,0.04336860,0.00000000
2.1562399996600004,0.00000000,0.00000000
2.1572799996099996,0.00000000,0.00000000
2.1583199995499998,0.04336860,0.00000000
2.1593599995,0.04336860,0.00000000
2.16,0.00000000,0.00000000
2.1610399999400003,0.00000000,0.00000000
2.16207999989,0.00000000,0.00000000
2.1631199998299997,0.04336860,0.00000000
2.16415999978,0.00000000,0.00000000
2.16519999972,0.00000000,0.00000000
2.16623999966,0.00000000,0.00000000
2.16727999961,0.00000000,0.00000000
2.16831999955,0.00000000,0.00000000
2.1693599995,0.00000000,0.00000000
2.17,3.78429508,0.67747295
2.17103999994,3.82781744,0.66012549
2.1720799998900002,3.82781744,0.67747295
2.17311999983,3.82781744,0.64271653
2.17415999978,3.82781744,0.66012549
2.17519999972,3.78429508,0.66012549
2.1762399996600004,3.78429508,0.66012549
2.1772799996099996,3.78429508,0.64271653
2.1783199995499998,3.82781744,0.66012549
2.1793599995,3.82781744,0.66012549
2.18,0.04336860,0.00000000
2.1810399999400003,0.04336860,0.00000000
2.18207999989,0.04336860,0.00000000
2.1831199998299997,0.00000000,0.00000000
2.18415999978,0.00000000,0.00000000
2.18519999972,0.00000000,0.00000000
2.18623999966,0.00000000,0.00000000
2.18727999961,0.00000000,0.00000000
2.18831999955,0.00000000,0.00000000
2.1893599995,0.00000000,0.00000000
2.19,0.04336860,0.00000000
2.19103999994,0.00000000,0.00000000
2.1920799998900002,0.00000000,0.00000000
2.19311999983,0.00000000,0.00000000
2.19415999978,0.00000000,0.00000000
2.1951999997200002,0.00000000,0.00000000
2.1962399996600004,0.00000000,0.00000000
2.1972799996099996,0.00000000,0.00000000
2.19831999955,3.78429508,0.67747295
2.1993599995,3.82781744,0.69482034
2.2,3.82781744,0.66012549
2.2010399999400003,3.78429508,0.64271653
2.20207999989,3.82781744,0.67747295
2.2031199998299997,3.78429508,0.66012549
2.20415999978,0.00000000,0.00000000
2.20519999972,0.00000000,0.00000000
2.20623999966,0.00000000,0.00000000
2.20727999961,0.00000000,0.00000000
2.20831999955,0.04336860,0.00000000
2.2093599995,0.00000000,0.00000000
2.21,0.00000000,0.00000000
2.21103999994,3.82781744,0.66012549
2.2120799998900003,3.82781744,0.66012549
2.21311999983,3.82781744,0.67747295
2.21415999978,3.78429508,0.67747295
2.2151999997200003,3.82781744,0.66012549
2.2162399996600004,3.82781744,0.66012549
2.2172799996099997,3.82781744,0.67747295
2.21831999955,3.82781744,0.67747295
2.2193599995,3.82781744,0.66012549
2.22,0.00000000,0.00000000
2.2210399999400003,0.00000000,0.00000000
2.22207999989,0.00000000,0.00000000
2.2231199998299997,0.00000000,0.00000000
2.22415999978,0.00000000,0.00000000
2.22519999972,0.00000000,0.00000000
2.22623999966,0.00000000,0.00000000
2.22727999961,3.78429508,0.69482034
2.22831999955,3.82781744,0.66012549
2.2293599994999997,3.78429508,0.66012549
2.23,0.00000000,0.00000000
2.23103999994,3.82781744,0.67747295
2.2320799998900003,3.82781744,0.64271653
2.23311999983,3.78429508,0.66012549
2.23415999978,3.78429508,0.67747295
2.23519999972,3.82781744,0.66012549
2.23623999966,3.78429508,0.67747295
2.2372799996099997,3.82781744,0.67747295
2.23831999955,3.82781744,0.64271653
2.2393599995,3.82781744,0.64271653
2.24,3.82781744,0.66012549
2.2410399999400004,3.82781744,0.64271653
2.24207999989,3.82781744,0.66012549
2.2431199998299998,0.04336860,0.00000000
2.24415999978,0.04336860,0.00000000
2.24519999972,0.00000000,0.00000000
2.24623999966,0.00000000,0.00000000
2.24727999961,0.00000000,0.00000000
2.24831999955,0.00000000,0.00000000
2.2493599994999998,0.00000000,0.00000000
2.25,3.78429508,0.66012549
2.25103999994,3.78429508,0.64271653
2.2520799998900003,3.78429508,0.66012549
2.25311999983,3.82781744,0.67747295
2.2541599997799997,3.78429508,0.66012549
2.25519999972,3.82781744,0.66012549
2.25623999966,3.78429508,0.67747295
2.2572799996099997,3.82781744,0.67747295
2.25831999955,0.00000000,0.00000000
2.2593599995,0.04336860,0.00000000
2.26,3.78429508,0.66012549
2.26103999994,3.78429508,0.67747295
2.26207999989,0.00000000,0.00000000
2.26311999983,0.00000000,0.00000000
2.26415999978,0.00000000,0.00000000
2.26519999972,0.00000000,0.00000000
2.2662399996600002,0.00000000,0.00000000
2.26727999961,0.00000000,0.00000000
2.26831999955,0.04336860,0.00000000
2.2693599995,0.00000000,0.00000000
2.27,3.82781744,0.66012549
2.27103999994,3.82781744,0.67747295
2.2720799998900003,3.82781744,0.66012549
2.27311999983,0.00000000,0.05210384
2.2741599997799997,0.00000000,0.00000000
2.27519999972,0.04336860,0.00000000
2.27623999966,0.00000000,0.00000000
2.2772799996099997,0.00000000,0.00000000
2.27831999955,0.00000000,0.00000000
2.2793599995,0.00000000,0.00000000
2.28,3.82781744,0.69482034
2.28103999994,3.82781744,0.66012549
2.28207999989,3.82781744,0.64271653
2.28311999983,3.82781744,0.67747295
2.28415999978,3.82781744,0.69482034
2.28519999972,3.78429508,0.67747295
2.2862399996600002,3.82781744,0.66012549
2.28727999961,3.82781744,0.67747295
2.28831999955,3.78429508,0.66012549
2.2893599995,3.82781744,0.67747295
2.29,3.82781744,0.66012549
2.29103999994,3.82781744,0.66012549
2.2920799998900003,3.82781744,0.67747295
2.29311999983,3.82781744,0.66012549
2.2941599997799997,3.82781744,0.66012549
2.29519999972,3.78429508,0.66012549
2.29623999966,3.82781744,0.66012549
2.2972799996099997,0.04336860,0.00000000
2.29831999955,0.00000000,0.00000000
2.2993599995,0.00000000,0.00000000
